first_5_runs_allowed,pitcher_id,pitcher_name,pitcher_era,pitcher_whip,pitcher_k9,pitcher_bb9,pitcher_kbb,pitcher_gbfb,pitcher_ip,pitcher_k_pct,pitcher_hr_pct,pitcher_wins,pitcher_losses,pitcher_exp_er_5ip,pitcher_exp_h_5ip,pitcher_exp_bb_5ip,pitcher_exp_k_5ip,pitcher_days_rest,is_home,year,date,team_id,opp_avg_runs_allowed,opp_avg_first5_allowed,predicted_f5,edge_vs_opp,event_id,is_lhp,opp_batting_first5,platoon_score,opp_heat_14,pitcher_team_heat_14,heat_differential
1,32081,Gerrit Cole,3.23,1.06,12.076,2.038,5.927,0.746,181.1,0.3347,0.0331,16.0,8.0,1.79,4.17,1.13,6.71,,1,2021,2021-04-01,14,1.02,1.01,1.35,-0.34,401227066,0,2.988,2.988,2.42,2.42,0.0
2,32582,Hyun Jin Ryu,4.367,1.225,7.615,1.97,3.865,0.894,169.0,0.204,0.0342,14.0,10.0,2.43,5.03,1.09,4.23,,0,2021,2021-04-01,10,3.0,2.99,2.57,0.42,401227066,1,1.012,1.012,2.42,2.42,0.0
0,34401,Matthew Boyd,3.913,1.279,7.711,2.647,2.913,0.655,78.2,0.1988,0.0267,3.0,8.0,2.17,4.92,1.47,4.28,,1,2021,2021-04-01,5,3.01,3.0,2.32,0.68,401227056,1,0.996,0.996,2.42,2.42,0.0
3,40912,Shane Bieber,3.181,1.216,12.536,3.087,4.061,0.814,96.2,0.3309,0.0272,7.0,4.0,1.77,4.37,1.72,6.96,,0,2021,2021-04-01,6,8.95,1.0,1.32,-0.32,401227056,0,2.996,2.996,2.42,2.42,0.0
0,31174,Nathan Eovaldi,3.756,1.192,9.638,1.73,5.571,0.739,182.1,0.2552,0.0196,11.0,9.0,2.09,5.0,0.96,5.35,,1,2021,2021-04-01,1,2.97,1.98,1.93,0.05,401227054,0,9.896,9.896,2.42,2.42,0.0
0,39948,John Means,3.632,1.033,8.249,1.601,5.154,0.5,146.2,0.2271,0.0508,6.0,9.0,2.02,4.27,0.89,4.58,,0,2021,2021-04-01,2,10.9,9.9,4.24,5.66,401227054,1,1.985,1.985,2.42,2.42,0.0
3,37515,Brandon Woodruff,2.563,0.966,10.603,2.161,4.907,0.767,179.1,0.298,0.0254,9.0,10.0,1.42,3.63,1.2,5.89,,1,2021,2021-04-01,9,1.01,0.5,0.82,-0.32,401227059,0,1.004,1.004,2.42,2.42,0.0
2,34892,Kenta Maeda,4.665,1.301,9.585,2.714,3.531,0.667,106.1,0.2494,0.0353,6.0,5.0,2.59,5.0,1.51,5.33,,0,2021,2021-04-01,8,5.0,1.0,2.14,-1.14,401227059,0,0.503,0.503,2.42,2.42,0.0
4,33173,Kyle Hendricks,4.773,1.348,6.514,2.188,2.977,0.804,181.0,0.1669,0.0395,14.0,7.0,2.65,5.52,1.22,3.62,,1,2021,2021-04-01,23,4.5,3.0,2.8,0.2,401227061,0,0.507,0.507,2.42,2.42,0.0
2,35021,Chad Kuhl,4.831,1.436,8.427,4.719,1.786,0.828,80.1,0.2149,0.0372,5.0,7.0,2.68,4.56,2.62,4.68,,0,2021,2021-04-01,16,2.01,0.51,2.09,-1.58,401227061,0,2.998,2.998,2.42,2.42,0.0
0,33709,Aaron Nola,4.645,1.132,11.138,1.948,5.718,0.713,180.2,0.2977,0.0347,9.0,9.0,2.58,4.58,1.08,6.19,,1,2021,2021-04-01,15,3.0,2.0,2.43,-0.43,401227053,0,2.42,2.42,2.42,2.42,0.0
2,32685,Max Fried,3.051,1.09,8.608,2.234,3.854,1.164,165.2,0.2369,0.0225,14.0,7.0,1.69,4.21,1.24,4.78,,0,2021,2021-04-01,22,0.5,0.0,1.7,0.8,401227053,1,2.0,2.0,2.42,2.42,0.0
7,32055,Yu Darvish,4.226,1.096,10.783,2.384,4.523,0.61,166.1,0.2922,0.0411,8.0,11.0,2.35,4.15,1.32,5.99,,1,2021,2021-04-01,29,4.01,2.51,2.35,0.16,401226952,0,1.508,1.508,2.42,2.42,0.0
6,29949,Madison Bumgarner,4.682,1.184,7.639,2.402,3.179,0.514,146.1,0.2023,0.0392,7.0,10.0,2.6,4.59,1.33,4.24,,0,2021,2021-04-01,25,1.51,1.51,2.3,-0.79,401226952,1,2.508,2.508,2.42,2.42,0.0
2,34874,German Marquez,4.4,1.272,8.8,3.2,2.75,1.12,180.0,0.2328,0.0278,12.0,11.0,2.44,4.58,1.78,4.89,,1,2021,2021-04-01,19,3.51,1.0,2.0,-1.0,401227058,0,1.514,1.514,2.42,2.42,0.0
4,28963,Clayton Kershaw,3.564,1.023,10.693,1.559,6.857,1.019,121.2,0.2951,0.0307,10.0,8.0,1.98,4.25,0.87,5.94,,0,2021,2021-04-01,27,5.01,1.51,1.68,-0.17,401227058,1,1.004,1.004,2.42,2.42,0.0
11,35124,Luis Castillo,3.99,1.368,9.231,3.606,2.56,1.372,187.2,0.2391,0.0237,8.0,16.0,2.22,4.83,2.0,5.13,,1,2021,2021-04-01,24,10.49,6.0,3.27,2.73,401227063,0,1.518,1.518,2.42,2.42,0.0
6,33837,Jack Flaherty,3.227,1.063,9.795,2.996,3.269,0.667,78.1,0.264,0.0373,9.0,2.0,1.79,3.65,1.66,5.44,,0,2021,2021-04-01,17,3.51,1.52,1.5,0.02,401227063,0,6.0,6.0,2.42,2.42,0.0
0,35241,Sandy Alcantara,3.202,1.077,8.816,2.193,4.02,1.165,205.2,0.2401,0.0251,9.0,15.0,1.78,4.17,1.22,4.9,,1,2021,2021-04-01,30,11.92,5.95,2.81,3.14,401227064,0,5.954,5.954,2.42,2.42,0.0
0,33190,Tyler Glasnow,2.659,0.932,12.58,2.761,4.556,0.827,88.0,0.3618,0.0294,5.0,2.0,1.48,3.12,1.53,6.99,,0,2021,2021-04-01,28,6.97,5.95,2.51,3.44,401227064,0,5.954,5.954,2.42,2.42,0.0
8,35292,Brad Keller,5.405,1.667,8.108,4.324,1.875,0.963,133.2,0.1958,0.0294,8.0,12.0,3.0,5.93,2.4,4.5,,1,2021,2021-04-01,13,7.01,1.52,2.71,-1.19,401227065,0,5.006,5.006,2.42,2.42,0.0
10,31053,Kyle Gibson,3.709,1.22,7.665,3.165,2.422,1.1,182.0,0.2056,0.0225,10.0,9.0,2.06,4.34,1.76,4.26,,0,2021,2021-04-01,7,5.51,5.01,2.81,2.2,401227065,0,1.517,1.517,2.42,2.42,0.0
3,32094,Dylan Bundy,6.086,1.364,8.381,3.392,2.471,0.706,90.2,0.2116,0.0504,2.0,9.0,3.38,4.93,1.88,4.66,,1,2021,2021-04-02,4,6.0,3.0,3.53,-0.53,401227055,0,2.51,2.51,2.42,2.42,0.0
2,32697,Lucas Giolito,3.535,1.105,10.152,2.626,3.865,0.52,178.2,0.2792,0.0375,11.0,9.0,1.96,4.07,1.46,5.64,,0,2021,2021-04-02,3,3.52,2.51,1.97,0.54,401227055,0,3.004,3.004,2.42,2.42,0.0
1,33148,Chris Bassitt,3.151,1.057,9.109,2.234,4.077,0.726,157.1,0.2496,0.0235,12.0,4.0,1.75,4.04,1.24,5.06,,1,2021,2021-04-02,18,1.51,1.5,1.45,0.05,401227057,0,4.992,4.992,2.42,2.42,0.0
0,5883,Zack Greinke,4.158,1.17,6.316,1.895,3.333,0.84,171.0,0.1722,0.043,11.0,6.0,2.31,4.8,1.05,3.51,,0,2021,2021-04-02,11,9.0,4.99,3.06,1.93,401227057,0,1.498,1.498,2.42,2.42,0.0
5,33158,Marco Gonzales,3.962,1.167,6.792,2.642,2.571,0.514,143.1,0.1846,0.0496,10.0,6.0,2.2,4.37,1.47,3.77,,1,2021,2021-04-02,26,4.01,2.99,2.35,0.64,401227062,1,0.023,0.023,2.42,2.42,0.0
0,32667,Kevin Gausman,2.812,1.042,10.641,2.344,4.54,0.901,192.0,0.2929,0.0258,14.0,6.0,1.56,3.91,1.3,5.91,,0,2021,2021-04-02,12,0.05,0.02,0.82,-0.8,401227062,0,2.988,2.988,2.42,2.42,0.0
0,31174,Nathan Eovaldi,3.756,1.192,9.638,1.73,5.571,0.739,182.1,0.2552,0.0196,11.0,9.0,2.09,5.0,0.96,5.35,1,1,2021,2021-04-02,1,2.97,1.98,1.93,0.05,401317836,0,9.896,9.896,0.0,0.0,0.0
0,39948,John Means,3.632,1.033,8.249,1.601,5.154,0.5,146.2,0.2271,0.0508,6.0,9.0,2.02,4.27,0.89,4.58,1,0,2021,2021-04-02,2,10.9,9.9,4.24,5.66,401317836,1,1.985,1.985,0.0,0.0,0.0
0,39671,Pablo Lopez,3.082,1.125,10.127,2.29,4.423,0.888,102.2,0.2751,0.0263,5.0,5.0,1.71,4.35,1.27,5.63,,1,2021,2021-04-02,30,11.92,5.95,2.75,3.2,401227072,0,5.954,5.954,0.0,0.0,0.0
0,33735,Ryan Yarbrough,5.11,1.226,6.794,1.568,4.333,0.577,155.0,0.1792,0.0383,9.0,7.0,2.84,5.26,0.87,3.77,,0,2021,2021-04-02,28,6.97,5.95,3.87,2.08,401227072,1,5.954,5.954,0.0,0.0,0.0
8,33750,Antonio Senzatela,4.437,1.344,6.05,1.844,3.281,1.096,156.2,0.1567,0.0179,4.0,10.0,2.46,5.7,1.02,3.36,,1,2021,2021-04-03,19,3.51,1.0,2.02,-1.02,401227070,0,1.514,1.514,2.0,4.0,-2.0
0,32014,Trevor Bauer,2.603,1.007,11.502,3.106,3.703,0.518,107.2,0.3171,0.044,8.0,5.0,1.45,3.31,1.73,6.39,,0,2021,2021-04-03,27,5.01,1.51,1.15,0.36,401227070,0,1.004,1.004,4.0,2.0,2.0
7,32672,Andrew Heaney,5.851,1.324,10.449,2.856,3.659,0.525,129.2,0.2688,0.052,8.0,9.0,3.25,5.03,1.59,5.8,,1,2021,2021-04-03,4,6.0,3.0,3.4,-0.4,401227068,1,2.51,2.51,3.0,2.0,1.0
6,31815,Dallas Keuchel,5.278,1.531,5.278,3.278,1.61,1.214,162.0,0.1319,0.0347,9.0,9.0,2.93,5.83,1.82,2.93,,0,2021,2021-04-03,3,3.52,2.51,2.94,-0.43,401227068,1,3.004,3.004,2.0,3.0,-1.0
5,39667,Jesus Luzardo,6.625,1.619,9.274,4.543,2.042,0.649,95.1,0.2243,0.0458,6.0,9.0,3.68,5.57,2.52,5.15,,1,2021,2021-04-03,18,1.51,1.5,3.38,-1.88,401227069,1,4.992,4.992,1.0,0.0,1.0
2,41261,Cristian Javier,3.561,1.187,11.573,4.718,2.453,0.393,101.1,0.3066,0.0377,4.0,1.0,1.98,3.31,2.62,6.43,,0,2021,2021-04-03,11,9.0,4.99,2.73,2.26,401227069,0,1.498,1.498,0.0,1.0,-1.0
0,33748,Blake Snell,4.212,1.326,11.934,4.844,2.464,0.711,128.2,0.3091,0.0291,7.0,6.0,2.34,3.94,2.69,6.63,,1,2021,2021-04-03,29,4.01,2.51,2.34,0.17,401227067,1,1.508,1.508,7.0,6.0,1.0
3,32968,Merrill Kelly,4.443,1.291,7.405,2.335,3.171,0.809,158.0,0.1949,0.0315,7.0,11.0,2.47,5.16,1.3,4.11,,0,2021,2021-04-03,25,1.51,1.51,2.17,-0.66,401227067,0,2.508,2.508,6.0,7.0,-1.0
1,41415,Yusei Kikuchi,4.414,1.318,9.344,3.554,2.629,0.991,157.0,0.2447,0.0405,7.0,9.0,2.45,4.62,1.97,5.19,,1,2021,2021-04-03,26,4.01,2.99,2.6,0.39,401227071,1,0.023,0.023,5.0,0.0,5.0
3,28955,Johnny Cueto,4.098,1.375,7.723,2.364,3.267,0.697,114.2,0.2,0.0306,7.0,7.0,2.28,5.56,1.31,4.29,,0,2021,2021-04-03,12,0.05,0.02,1.53,-1.51,401227071,0,2.988,2.988,0.0,5.0,-5.0
2,30981,Corey Kluber,3.825,1.337,9.225,3.712,2.485,0.782,80.0,0.2405,0.0235,5.0,3.0,2.12,4.62,2.06,5.12,,1,2021,2021-04-03,14,1.02,1.01,1.68,-0.67,401227087,0,2.988,2.988,1.0,2.0,-1.0
3,32789,Ross Stripling,4.807,1.276,8.368,2.671,3.133,0.58,101.1,0.2181,0.0534,5.0,7.0,2.67,4.9,1.48,4.65,,0,2021,2021-04-03,10,3.0,2.99,2.82,0.17,401227087,0,1.012,1.012,2.0,1.0,1.0
3,41009,Tanner Houck,3.522,1.13,11.348,2.739,4.143,0.966,69.0,0.3053,0.014,1.0,5.0,1.96,4.13,1.52,6.3,,1,2021,2021-04-03,1,2.97,1.98,1.8,0.18,401227075,0,9.896,9.896,0.0,0.0,0.0
2,31214,Matt Harvey,6.297,1.549,6.722,2.618,2.568,0.787,127.2,0.1632,0.0326,6.0,14.0,3.5,6.29,1.45,3.73,,0,2021,2021-04-03,2,10.9,9.9,5.72,4.18,401227075,0,1.985,1.985,0.0,0.0,0.0
1,31091,Julio Teheran,1.8,1.4,5.4,5.4,1.0,0.556,5.0,0.15,0.05,1.0,0,1.0,4.0,3.0,3.0,,1,2021,2021-04-03,5,3.01,3.0,1.15,1.85,401227077,0,0.996,0.996,0.0,3.0,-3.0
2,42169,Zach Plesac,4.684,1.203,6.329,2.152,2.941,0.81,142.2,0.1672,0.0385,10.0,6.0,2.6,4.82,1.2,3.52,,0,2021,2021-04-03,6,8.95,1.0,2.15,-1.15,401227077,0,2.996,2.996,3.0,0.0,3.0
4,30624,Mike Minor,5.063,1.245,8.477,2.332,3.634,0.646,158.2,0.2227,0.0389,8.0,12.0,2.81,4.93,1.3,4.71,,1,2021,2021-04-03,13,7.01,1.52,2.52,-1.0,401227086,1,5.006,5.006,4.0,3.0,1.0
3,4711414,Kohei Arihara,6.716,1.443,5.373,2.91,1.846,0.713,40.2,0.1348,0.0618,2.0,4.0,3.73,5.6,1.62,2.99,,0,2021,2021-04-03,7,5.51,5.01,4.48,0.53,401227086,0,1.517,1.517,3.0,4.0,-1.0
1,30145,Jake Arrieta,7.424,1.782,7.607,4.033,1.886,0.846,98.2,0.177,0.0512,5.0,14.0,4.12,6.67,2.24,4.23,,1,2021,2021-04-03,23,4.5,3.0,4.27,-1.27,401227082,0,0.507,0.507,1.0,3.0,-2.0
3,32151,Tyler Anderson,4.527,1.246,7.222,2.048,3.526,0.606,167.0,0.1906,0.0384,7.0,11.0,2.51,5.09,1.14,4.01,,0,2021,2021-04-03,16,2.01,0.51,1.92,-1.41,401227082,1,2.998,2.998,3.0,1.0,2.0
0,31267,Zack Wheeler,2.787,1.009,10.432,1.943,5.37,1.037,213.1,0.2909,0.0188,14.0,10.0,1.55,3.97,1.08,5.8,,1,2021,2021-04-03,15,3.0,2.0,1.4,0.6,401227074,0,2.42,2.42,0.0,3.0,-3.0
3,29155,Charlie Morton,3.353,1.048,10.497,2.819,3.724,0.979,185.2,0.2857,0.0212,14.0,6.0,1.86,3.67,1.57,5.83,,0,2021,2021-04-03,22,0.5,0.0,1.86,0.64,401227074,0,2.0,2.0,3.0,0.0,3.0
5,39869,Cole Irvin,4.245,1.331,6.317,2.122,2.976,0.628,178.1,0.1628,0.0299,10.0,15.0,2.36,5.47,1.18,3.51,,1,2021,2021-04-03,18,1.51,1.5,2.06,-0.56,401227078,1,4.992,4.992,5.0,1.0,4.0
1,32764,Lance McCullers Jr.,3.165,1.221,10.271,4.22,2.434,1.32,162.1,0.2705,0.019,13.0,5.0,1.76,3.76,2.34,5.71,,0,2021,2021-04-03,11,9.0,4.99,2.51,2.48,401227078,0,1.498,1.498,1.0,5.0,-4.0
2,34973,Tyler Mahle,3.75,1.233,10.5,3.2,3.281,0.786,180.0,0.2767,0.0316,13.0,6.0,2.08,4.39,1.78,5.83,,1,2021,2021-04-03,24,10.49,6.0,3.13,2.87,401227084,0,1.518,1.518,2.0,8.0,-6.0
8,5403,Adam Wainwright,3.057,1.058,7.598,2.183,3.48,0.951,206.1,0.2101,0.0254,17.0,7.0,1.7,4.08,1.21,4.22,,0,2021,2021-04-03,17,3.51,1.52,1.4,0.12,401227084,0,6.0,6.0,8.0,2.0,6.0
6,39836,Elieser Hernandez,4.219,1.328,9.316,2.461,3.786,0.685,51.2,0.2356,0.0578,1.0,3.0,2.34,5.27,1.37,5.18,,1,2021,2021-04-03,30,11.92,5.95,3.38,2.57,401227085,0,5.954,5.954,6.0,6.0,0.0
6,6321,Rich Hill,3.869,1.214,8.534,3.129,2.727,0.56,158.2,0.2269,0.0318,7.0,8.0,2.15,4.33,1.74,4.74,,0,2021,2021-04-03,28,6.97,5.95,3.19,2.76,401227085,1,5.954,5.954,6.0,6.0,0.0
0,39878,Corbin Burnes,2.425,0.94,12.611,1.832,6.882,1.005,167.0,0.3562,0.0107,11.0,5.0,1.35,3.68,1.02,7.01,,1,2021,2021-04-03,9,1.01,0.5,0.75,-0.25,401227080,0,1.004,1.004,0.0,0.0,0.0
0,32811,Jose Berrios,3.516,1.062,9.562,2.109,4.533,0.777,192.0,0.2612,0.0282,12.0,9.0,1.95,4.14,1.17,5.31,,0,2021,2021-04-03,8,5.0,1.0,1.5,-0.5,401227080,0,0.503,0.503,0.0,0.0,0.0
0,33203,Jon Gray,4.591,1.329,9.483,3.503,2.707,0.967,149.0,0.2438,0.0326,8.0,12.0,2.55,4.7,1.95,5.27,,1,2021,2021-04-04,19,3.51,1.0,2.1,-1.1,401227079,0,1.514,1.514,1.5,1.0,0.5
2,39251,Walker Buehler,2.476,0.97,9.208,2.259,4.077,0.854,207.2,0.2601,0.0233,16.0,4.0,1.38,3.6,1.25,5.12,,0,2021,2021-04-04,27,5.01,1.51,1.08,0.43,401227079,0,1.004,1.004,1.0,1.5,-0.5
0,34848,Joe Musgrove,3.181,1.082,10.088,2.684,3.759,1.069,181.1,0.2714,0.0294,11.0,9.0,1.77,3.92,1.49,5.6,,1,2021,2021-04-04,29,4.01,2.51,1.77,0.74,401227073,0,1.508,1.508,1.5,2.5,-1.0
5,36081,Caleb Smith,4.85,1.378,9.859,5.009,1.968,0.404,113.2,0.248,0.04,4.0,9.0,2.69,4.11,2.78,5.48,,0,2021,2021-04-04,25,1.51,1.51,2.4,-0.89,401227073,1,2.508,2.508,2.5,1.5,1.0
2,31086,Alex Cobb,3.77,1.267,9.474,3.19,2.97,1.176,93.1,0.2494,0.0127,8.0,3.0,2.09,4.56,1.77,5.26,,1,2021,2021-04-04,4,6.0,3.0,2.25,0.75,401227076,0,2.51,2.51,2.0,2.0,0.0
2,30820,Lance Lynn,2.694,1.07,10.089,2.58,3.911,0.664,157.0,0.2746,0.0281,11.0,6.0,1.5,3.92,1.43,5.61,,0,2021,2021-04-04,3,3.52,2.51,1.5,1.01,401227076,0,3.004,3.004,2.0,2.0,0.0
0,36067,Chris Flexen,3.616,1.256,6.278,2.009,3.125,0.755,179.2,0.1687,0.0256,14.0,6.0,2.01,5.16,1.12,3.49,,1,2021,2021-04-04,26,4.01,2.99,2.16,0.83,401227083,0,0.023,0.023,0.0,3.0,-3.0
3,41216,Logan Webb,3.038,1.107,9.602,2.188,4.389,1.644,148.1,0.2651,0.0151,11.0,3.0,1.69,4.32,1.22,5.33,,0,2021,2021-04-04,12,0.05,0.02,0.94,-0.92,401227083,0,2.988,2.988,3.0,0.0,3.0
0,32804,Zach Eflin,4.192,1.255,8.47,1.369,6.188,0.77,105.2,0.224,0.0339,4.0,7.0,2.33,5.51,0.76,4.71,,1,2021,2021-04-04,15,3.0,2.0,2.18,-0.18,401227089,0,2.42,2.42,0.0,1.0,-1.0
1,40916,Ian Anderson,3.583,1.233,8.712,3.724,2.34,1.088,128.1,0.2318,0.0299,9.0,5.0,1.99,4.1,2.07,4.84,,0,2021,2021-04-04,22,0.5,0.0,1.99,0.51,401227089,0,2.0,2.0,1.0,0.0,1.0
3,33660,Domingo German,4.587,1.182,8.991,2.477,3.63,0.758,98.1,0.239,0.0415,4.0,5.0,2.55,4.54,1.38,4.99,,1,2021,2021-04-04,14,1.02,1.01,2.1,-1.09,401227100,0,2.988,2.988,3.0,1.0,2.0
1,40941,T.J. Zeuch,6.6,2.0,4.8,5.4,0.889,0.966,15.0,0.1081,0.0811,0,2.0,3.67,7.0,3.0,2.67,,0,2021,2021-04-04,10,3.0,2.99,3.81,-0.82,401227100,0,1.012,1.012,1.0,3.0,-2.0
10,30892,Garrett Richards,4.89,1.601,7.599,3.965,1.917,0.908,136.2,0.1864,0.0308,7.0,8.0,2.72,5.8,2.2,4.22,,1,2021,2021-04-04,1,2.97,1.98,2.56,-0.58,401227090,0,9.896,9.896,10.0,2.0,8.0
2,41118,Bruce Zimmermann,5.055,1.513,7.863,3.089,2.545,0.694,64.1,0.1965,0.0491,4.0,5.0,2.81,5.85,1.72,4.37,,0,2021,2021-04-04,2,10.9,9.9,5.03,4.87,401227090,1,1.985,1.985,2.0,10.0,-8.0
1,42409,Tarik Skubal,4.346,1.261,9.899,2.837,3.489,0.648,149.1,0.2587,0.0552,8.0,12.0,2.41,4.73,1.58,5.5,,1,2021,2021-04-04,5,3.01,3.0,2.56,0.44,401227092,1,0.996,0.996,1.0,3.0,-2.0
3,40934,Aaron Civale,3.844,1.12,7.18,2.248,3.194,0.829,124.1,0.1988,0.0462,12.0,5.0,2.14,4.35,1.25,3.99,,0,2021,2021-04-04,6,8.95,1.0,1.68,-0.68,401227092,0,2.996,2.996,3.0,1.0,2.0
1,33841,Jeff Hoffman,4.562,1.575,9.74,5.548,1.756,0.622,73.0,0.2358,0.0358,3.0,5.0,2.53,4.79,3.08,5.41,,1,2021,2021-04-04,24,10.49,6.0,3.58,2.42,401227098,0,1.518,1.518,1.0,4.0,-3.0
4,31340,Carlos Martinez,6.248,1.376,6.248,3.946,1.583,1.072,82.1,0.157,0.022,4.0,9.0,3.47,4.69,2.19,3.47,,0,2021,2021-04-04,17,3.51,1.52,3.18,-1.66,401227098,0,6.0,6.0,4.0,1.0,3.0
2,32157,Adrian Houser,3.23,1.281,6.65,4.053,1.641,1.53,142.1,0.1753,0.02,10.0,6.0,1.79,4.15,2.25,3.69,,1,2021,2021-04-04,9,1.01,0.5,1.2,-0.7,401227095,0,1.004,1.004,2.0,1.0,1.0
1,30937,Michael Pineda,3.63,1.237,7.259,1.732,4.19,0.693,109.1,0.1921,0.0371,9.0,8.0,2.02,5.22,0.96,4.03,,0,2021,2021-04-04,8,5.0,1.0,1.57,-0.57,401227095,0,0.503,0.503,1.0,2.0,-1.0
6,41172,Brady Singer,4.918,1.553,9.204,3.724,2.472,1.036,128.1,0.2235,0.0239,5.0,10.0,2.73,5.7,2.07,5.11,,1,2021,2021-04-04,13,7.01,1.52,2.44,-0.92,401227099,0,5.006,5.006,6.0,0.0,6.0
0,31061,Jordan Lyles,5.15,1.389,7.3,2.8,2.607,0.633,180.0,0.1899,0.0494,10.0,13.0,2.86,5.39,1.56,4.06,,0,2021,2021-04-04,7,5.51,5.01,3.61,1.4,401227099,0,1.517,1.517,0.0,6.0,-6.0
0,33829,Zach Davies,5.777,1.601,6.932,4.561,1.52,0.785,148.0,0.1707,0.0374,6.0,12.0,3.21,5.47,2.53,3.85,,1,2021,2021-04-04,23,4.5,3.0,3.36,-0.36,401227097,0,0.507,0.507,0.0,3.0,-3.0
3,33722,Mitch Keller,6.198,1.796,8.263,4.401,1.878,0.695,100.2,0.1957,0.0213,5.0,11.0,3.44,6.54,2.45,4.59,,0,2021,2021-04-04,16,2.01,0.51,2.85,-2.34,401227097,0,2.998,2.998,3.0,0.0,3.0
3,34897,Austin Gomber,4.535,1.242,8.836,3.206,2.756,0.809,115.1,0.2316,0.041,9.0,9.0,2.52,4.43,1.78,4.91,,1,2021,2021-04-04,19,3.51,1.0,2.07,-1.07,401227094,1,1.514,1.514,1.5,1.0,0.5
0,33223,Julio Urias,2.964,1.021,9.476,1.847,5.132,0.735,185.2,0.2617,0.0255,20.0,3.0,1.65,4.08,1.03,5.26,,0,2021,2021-04-04,27,5.01,1.51,1.35,0.16,401227094,1,1.004,1.004,1.0,1.5,-0.5
5,33244,Sean Manaea,3.92,1.228,9.749,2.06,4.732,0.747,179.1,0.2573,0.0332,11.0,10.0,2.18,5.0,1.14,5.42,,1,2021,2021-04-04,18,1.51,1.5,1.88,-0.38,401227093,1,4.992,4.992,5.0,2.0,3.0
2,35759,Jose Urquidy,3.617,0.991,7.57,1.598,4.737,0.5,107.0,0.2128,0.0402,8.0,3.0,2.01,4.07,0.89,4.21,,0,2021,2021-04-04,11,9.0,4.99,2.76,2.23,401227093,0,1.498,1.498,2.0,5.0,-3.0
3,35999,Chris Paddack,5.079,1.267,8.242,1.832,4.5,0.802,108.1,0.2157,0.0327,7.0,7.0,2.82,5.32,1.02,4.58,,1,2021,2021-04-04,29,4.01,2.51,2.82,-0.31,401227088,0,1.508,1.508,1.5,2.5,-1.0
0,39905,Taylor Widener,4.365,1.455,9.372,4.75,1.973,0.542,70.1,0.2288,0.0439,2.0,1.0,2.43,4.64,2.64,5.21,,0,2021,2021-04-04,25,1.51,1.51,2.13,-0.62,401227088,0,2.508,2.508,2.5,1.5,1.0
3,39832,Shohei Ohtani,3.182,1.091,10.792,3.044,3.545,0.867,130.1,0.2927,0.0281,9.0,2.0,1.77,3.77,1.69,6.0,,1,2021,2021-04-05,4,6.0,3.0,1.92,1.08,401227091,0,2.51,2.51,3.0,4.0,-1.0
4,34943,Dylan Cease,3.923,1.253,12.312,3.705,3.324,0.528,165.2,0.3192,0.0282,13.0,7.0,2.18,4.21,2.06,6.84,,0,2021,2021-04-05,3,3.52,2.51,2.18,0.33,401227091,0,3.004,3.004,4.0,3.0,1.0
1,33173,Kyle Hendricks,4.816,1.296,7.063,2.568,2.75,0.588,84.1,0.1854,0.0421,4.0,6.0,2.68,5.05,1.43,3.92,,1,2022,2022-04-07,8,6.5,5.0,3.42,1.58,401421335,0,0.5,0.5,1.0,3.0,-2.0
3,39878,Corbin Burnes,2.941,0.965,10.827,2.272,4.765,0.907,202.0,0.3049,0.0289,12.0,8.0,1.63,3.56,1.26,6.01,,0,2022,2022-04-07,16,2.5,0.5,1.03,-0.53,401421335,0,4.986,4.986,3.0,1.0,2.0
1,5883,Zack Greinke,3.679,1.343,4.796,1.774,2.704,0.709,137.0,0.1248,0.0239,4.0,9.0,2.04,5.73,0.99,2.66,,1,2022,2022-04-07,5,2.0,1.0,1.59,-0.59,401423754,0,6.489,6.489,2.42,0.0,2.42
1,40912,Shane Bieber,2.88,1.04,8.91,1.62,5.5,0.954,200.0,0.2503,0.0228,13.0,8.0,1.6,4.3,0.9,4.95,,0,2022,2022-04-07,7,8.49,6.49,2.8,3.69,401423754,0,1.0,1.0,0.0,2.42,-2.42
0,5403,Adam Wainwright,3.719,1.287,6.731,2.542,2.648,0.777,191.2,0.1781,0.0199,11.0,12.0,2.07,5.02,1.41,3.74,,1,2022,2022-04-07,23,5.01,4.0,2.52,1.48,401421332,0,4.491,4.491,0.0,1.0,-1.0
4,41460,JT Brubaker,4.688,1.465,9.188,3.375,2.722,1.25,144.0,0.2276,0.0263,3.0,12.0,2.6,5.45,1.88,5.1,,0,2022,2022-04-07,24,5.49,4.49,3.2,1.29,401421332,0,4.0,4.0,1.0,0.0,1.0
2,31313,Patrick Corbin,6.327,1.702,7.569,2.898,2.612,0.83,152.2,0.1795,0.0379,6.0,19.0,3.52,6.9,1.61,4.2,,1,2022,2022-04-07,21,2.0,0.5,2.92,-2.42,401421333,1,3.0,3.0,0.0,0.0,0.0
0,3332018,Tylor Megill,5.159,1.253,9.745,2.484,3.923,0.731,47.1,0.255,0.035,4.0,2.0,2.87,4.88,1.38,5.41,,0,2022,2022-04-07,20,3.51,3.0,3.02,-0.02,401421333,0,0.504,0.504,0.0,0.0,0.0
3,32685,Max Fried,2.48,1.016,8.266,1.556,5.312,1.051,185.1,0.2319,0.0164,14.0,7.0,1.38,4.21,0.86,4.59,,1,2022,2022-04-08,17,2.51,2.51,1.38,1.13,401421334,1,2.996,2.996,4.0,0.0,4.0
1,34973,Tyler Mahle,4.418,1.223,9.434,3.22,2.93,0.573,120.2,0.2505,0.0318,6.0,8.0,2.45,4.33,1.79,5.24,,0,2022,2022-04-08,15,3.51,3.0,2.6,0.4,401421334,0,2.506,2.506,0.0,4.0,-4.0
1,39832,Shohei Ohtani,2.331,1.012,11.873,2.386,4.977,0.721,166.0,0.3318,0.0212,15.0,9.0,1.3,3.73,1.33,6.6,,1,2022,2022-04-08,18,1.51,1.0,0.84,0.16,401421336,0,1.004,1.004,5.0,4.0,1.0
0,36581,Framber Valdez,2.819,1.159,8.682,2.999,2.896,2.066,201.1,0.2346,0.0133,17.0,6.0,1.57,4.13,1.67,4.82,,0,2022,2022-04-08,3,2.02,1.0,1.12,-0.12,401421336,1,1.0,1.0,4.0,5.0,-1.0
2,29949,Madison Bumgarner,4.893,1.441,6.372,2.788,2.286,0.605,158.2,0.1605,0.0358,7.0,15.0,2.72,5.66,1.55,3.54,,1,2022,2022-04-08,25,2.0,0.99,2.27,-1.28,401421337,1,1.992,1.992,2.5,1.5,1.0
0,32055,Yu Darvish,3.105,0.953,9.13,1.715,5.324,0.625,194.2,0.2555,0.0285,16.0,8.0,1.73,3.81,0.95,5.07,,0,2022,2022-04-08,29,4.98,1.99,1.57,0.42,401421337,0,0.992,0.992,1.5,2.5,-1.0
3,32081,Gerrit Cole,3.506,1.019,11.553,2.248,5.14,0.725,200.2,0.3241,0.0416,13.0,8.0,1.95,3.85,1.25,6.42,,1,2022,2022-04-08,2,4.01,2.0,1.8,0.2,401427970,0,1.996,1.996,1.857,0.929,0.928
3,31174,Nathan Eovaldi,3.877,1.237,8.497,1.65,5.15,0.92,109.1,0.2239,0.0457,6.0,3.0,2.15,5.27,0.92,4.72,,0,2022,2022-04-08,10,2.01,2.0,2.01,-0.01,401427970,0,1.996,1.996,0.929,1.857,-0.928
3,32675,Eduardo Rodriguez,4.055,1.33,7.121,3.363,2.118,0.791,91.0,0.1841,0.0307,5.0,5.0,2.25,4.78,1.87,3.96,,1,2022,2022-04-08,4,1.02,0.99,1.8,-0.81,401354253,1,4.981,4.981,3.0,3.0,0.0
0,32697,Lucas Giolito,4.913,1.439,9.882,3.406,2.902,0.64,161.2,0.2536,0.0344,11.0,9.0,2.73,5.3,1.89,5.49,,0,2022,2022-04-08,6,9.96,4.98,3.47,1.51,401354253,0,0.992,0.992,3.0,3.0,0.0
1,33709,Aaron Nola,3.249,0.961,10.317,1.273,8.103,0.792,205.0,0.2912,0.0235,11.0,13.0,1.8,4.1,0.71,5.73,,1,2022,2022-04-08,11,2.51,1.01,1.36,-0.35,401354261,0,0.002,0.002,2.0,1.0,1.0
5,33249,Frankie Montas,4.06,1.249,8.869,2.686,3.302,0.844,144.1,0.2336,0.0296,5.0,12.0,2.26,4.75,1.49,4.93,,0,2022,2022-04-08,22,3.0,0.0,1.51,-1.51,401354261,0,1.008,1.008,1.0,2.0,-1.0
0,41199,Shane McClanahan,2.547,0.927,10.512,2.059,5.105,1.025,166.1,0.3027,0.0296,12.0,8.0,1.41,3.49,1.14,5.84,,1,2022,2022-04-08,1,7.97,3.99,1.86,2.13,401354252,1,0.008,0.008,10.0,6.0,4.0
1,39948,John Means,3.375,1.25,7.875,2.25,3.5,0.562,8.0,0.2059,0.0,0,0,1.88,5.0,1.25,4.38,,0,2022,2022-04-08,30,0.02,0.01,1.13,-1.12,401354252,1,3.992,3.992,6.0,10.0,-4.0
5,33839,Kyle Freeland,4.546,1.412,6.768,2.738,2.472,0.758,174.2,0.171,0.0248,9.0,11.0,2.53,5.54,1.52,3.76,,1,2022,2022-04-08,19,5.99,4.0,2.97,1.03,401354257,1,2.505,2.505,1.5,1.0,0.5
2,39251,Walker Buehler,4.015,1.292,8.031,2.354,3.412,0.931,65.0,0.2117,0.0292,6.0,3.0,2.23,5.15,1.31,4.46,,0,2022,2022-04-08,27,3.0,2.5,2.23,0.27,401354257,0,3.996,3.996,1.0,1.5,-0.5
2,42450,Joe Ryan,3.551,1.102,9.245,2.878,3.213,0.414,147.0,0.25,0.0331,13.0,8.0,1.97,3.91,1.6,5.14,,1,2022,2022-04-08,12,9.94,7.95,3.61,4.34,401427971,0,3.969,3.969,2.786,1.857,0.929
1,32175,Robbie Ray,3.714,1.19,10.095,2.952,3.419,0.636,189.0,0.2735,0.0413,12.0,12.0,2.06,4.31,1.64,5.61,,0,2022,2022-04-08,9,3.99,3.98,2.51,1.47,401427971,1,7.915,7.915,1.857,2.786,-0.929
0,41216,Logan Webb,2.905,1.161,7.637,2.296,3.327,1.372,192.1,0.2071,0.014,15.0,9.0,1.61,4.53,1.28,4.24,,1,2022,2022-04-08,28,2.01,2.0,1.46,0.54,401354258,0,1.497,1.497,6.0,0.0,6.0
3,35241,Sandy Alcantara,2.287,0.982,8.164,1.972,4.14,1.183,228.2,0.2336,0.0181,14.0,9.0,1.27,3.81,1.1,4.54,,0,2022,2022-04-08,26,2.01,1.5,0.97,0.53,401354258,0,2.002,2.002,0.0,6.0,-6.0
4,41165,Josiah Gray,5.04,1.363,9.352,4.008,2.333,0.516,148.2,0.2373,0.0586,7.0,10.0,2.8,4.59,2.23,5.2,,1,2022,2022-04-08,21,2.0,0.5,2.2,-1.7,401354260,0,3.0,3.0,0.143,0.0,0.143
3,28976,Max Scherzer,2.295,0.91,10.731,1.489,7.208,0.487,145.1,0.3062,0.023,11.0,5.0,1.27,3.72,0.83,5.96,,0,2022,2022-04-08,20,3.51,3.0,1.42,1.58,401354260,0,0.504,0.504,0.0,0.143,-0.143
7,32811,Jose Berrios,5.233,1.419,7.797,2.355,3.311,0.685,172.0,0.1979,0.0385,12.0,7.0,2.91,5.78,1.31,4.33,,1,2022,2022-04-08,13,5.01,4.5,3.51,0.99,401354263,0,6.002,6.002,6.0,3.0,3.0
7,33203,Jon Gray,3.965,1.133,9.489,2.762,3.436,0.791,127.1,0.2572,0.0326,7.0,7.0,2.2,4.13,1.53,5.27,,0,2022,2022-04-08,14,7.5,6.0,3.25,2.75,401354263,0,4.505,4.505,3.0,6.0,-3.0
1,29155,Charlie Morton,4.343,1.233,10.727,3.297,3.254,0.655,172.0,0.2816,0.0385,9.0,6.0,2.41,4.33,1.83,5.96,,1,2022,2022-04-08,17,2.51,2.51,2.41,0.1,401354254,0,2.996,2.996,3.929,0.071,3.858
7,39799,Reiver Sanmartin,6.316,1.667,7.421,4.579,1.621,1.222,57.0,0.1836,0.0312,4.0,4.0,3.51,5.79,2.54,4.12,,0,2022,2022-04-08,15,3.51,3.0,3.66,-0.66,401354254,1,2.506,2.506,0.071,3.929,-3.858
3,4326697,Reid Detmers,3.767,1.209,8.512,3.209,2.652,0.578,129.0,0.2263,0.0241,7.0,6.0,2.09,4.26,1.78,4.73,,1,2022,2022-04-09,18,1.51,1.0,1.64,-0.64,401354256,1,1.004,1.004,4.714,3.714,1.0
2,31654,Jake Odorizzi,4.411,1.329,7.295,2.969,2.457,0.475,106.1,0.1898,0.0309,6.0,6.0,2.45,5.0,1.65,4.05,,0,2022,2022-04-09,3,2.02,1.0,2.0,-1.0,401354256,0,1.0,1.0,3.714,4.714,-1.0
0,32968,Merrill Kelly,3.373,1.139,7.961,2.744,2.902,0.779,200.1,0.2201,0.0261,13.0,8.0,1.87,4.17,1.52,4.42,,1,2022,2022-04-09,25,2.0,0.99,1.42,-0.43,401354262,0,1.992,1.992,2.286,1.5,0.786
0,33244,Sean Manaea,4.956,1.297,8.886,2.848,3.12,0.633,158.0,0.2325,0.0432,8.0,9.0,2.75,4.91,1.58,4.94,,0,2022,2022-04-09,29,4.98,1.99,2.6,-0.61,401354262,1,0.992,0.992,1.5,2.286,-0.786
2,42584,Drew Rasmussen,2.836,1.041,7.705,1.911,4.032,0.905,146.0,0.214,0.0223,11.0,7.0,1.58,4.14,1.06,4.28,,1,2022,2022-04-09,1,7.97,3.99,2.02,1.97,401354264,0,0.008,0.008,9.286,5.643,3.643
5,31061,Jordan Lyles,4.425,1.385,7.24,2.615,2.769,0.676,179.0,0.186,0.0336,12.0,11.0,2.46,5.47,1.45,4.02,,0,2022,2022-04-09,30,0.02,0.01,1.71,-1.7,401354264,0,3.992,3.992,5.643,9.286,-3.643
2,41167,Casey Mize,5.4,1.5,3.6,1.8,2.0,0.625,10.0,0.0889,0.0222,0,1.0,3.0,6.5,1.0,2.0,,1,2022,2022-04-09,4,1.02,0.99,2.55,-1.56,401354266,0,4.981,4.981,3.0,2.786,0.214
0,34943,Dylan Cease,2.201,1.109,11.103,3.815,2.91,0.65,184.0,0.3039,0.0214,14.0,8.0,1.22,3.42,2.12,6.17,,0,2022,2022-04-09,6,9.96,4.98,1.97,3.01,401354266,0,0.992,0.992,2.786,3.0,-0.214
2,32082,Sonny Gray,3.096,1.133,8.834,2.718,3.25,0.798,119.2,0.2398,0.0225,8.0,5.0,1.72,4.15,1.51,4.91,,1,2022,2022-04-09,12,9.94,7.95,3.35,4.6,401354277,0,3.969,3.969,2.714,1.786,0.928
1,41221,Logan Gilbert,3.207,1.183,8.456,2.381,3.551,0.608,185.2,0.2272,0.0248,13.0,6.0,1.78,4.59,1.32,4.7,,0,2022,2022-04-09,9,3.99,3.98,2.23,1.75,401354277,0,7.915,7.915,1.786,2.714,-0.928
2,32116,Miles Mikolas,3.295,1.034,6.813,1.737,3.923,0.848,202.1,0.1901,0.0311,12.0,13.0,1.83,4.21,0.96,3.79,,1,2022,2022-04-09,23,5.01,4.0,2.28,1.72,401354275,0,4.491,4.491,2.0,5.0,-3.0
5,33722,Mitch Keller,3.906,1.396,7.811,3.396,2.3,0.996,159.0,0.2009,0.0204,5.0,12.0,2.17,5.09,1.89,4.34,,0,2022,2022-04-09,24,5.49,4.49,2.77,1.72,401354275,0,4.0,4.0,5.0,2.0,3.0
0,41022,Justin Steele,3.176,1.353,9.529,3.782,2.52,1.075,119.0,0.2461,0.0156,4.0,7.0,1.76,4.66,2.1,5.29,,1,2022,2022-04-09,8,6.5,5.0,2.51,2.49,401354272,1,0.5,0.5,0.0,7.0,-7.0
7,37515,Brandon Woodruff,3.057,1.071,11.169,2.469,4.524,0.621,153.1,0.3065,0.029,13.0,4.0,1.7,3.98,1.37,6.21,,0,2022,2022-04-09,16,2.5,0.5,1.1,-0.6,401354272,0,4.986,4.986,7.0,0.0,7.0
3,32667,Kevin Gausman,3.358,1.24,10.591,1.447,7.321,0.67,174.2,0.2828,0.0207,12.0,10.0,1.87,5.4,0.8,5.88,,1,2022,2022-04-09,13,5.01,4.5,2.47,2.03,401354278,0,6.002,6.002,3.0,3.0,0.0
3,36080,Dane Dunning,4.468,1.437,8.054,3.645,2.21,1.12,153.1,0.2042,0.0298,4.0,8.0,2.48,5.16,2.02,4.47,,0,2022,2022-04-09,14,7.5,6.0,3.53,2.47,401354278,0,4.505,4.505,3.0,3.0,0.0
2,33263,Luis Severino,3.176,1.0,9.882,2.647,3.733,0.824,102.0,0.2765,0.0346,7.0,3.0,1.76,3.53,1.47,5.49,,1,2022,2022-04-09,2,4.01,2.0,1.62,0.38,401354265,0,1.996,1.996,2.0,2.0,0.0
2,36071,Nick Pivetta,4.57,1.384,8.789,3.666,2.397,0.625,179.2,0.2264,0.0349,10.0,12.0,2.54,4.88,2.04,4.88,,0,2022,2022-04-09,10,2.01,2.0,2.39,-0.39,401354265,0,1.996,1.996,2.0,2.0,0.0
1,33696,Carlos Rodon,2.882,1.028,11.983,2.629,4.558,0.544,178.0,0.3338,0.0169,14.0,8.0,1.6,3.68,1.46,6.66,,1,2022,2022-04-09,28,2.01,2.0,1.45,0.55,401354271,1,1.497,1.497,1.0,1.0,0.0
1,39671,Pablo Lopez,3.75,1.167,8.7,2.65,3.283,0.891,180.0,0.2364,0.0285,10.0,10.0,2.08,4.36,1.47,4.83,,0,2022,2022-04-09,26,2.01,1.5,1.78,-0.28,401354271,0,2.002,2.002,1.0,1.0,0.0
0,31053,Kyle Gibson,5.06,1.34,7.751,2.584,3.0,0.88,167.2,0.2006,0.0334,10.0,8.0,2.81,5.26,1.44,4.31,,1,2022,2022-04-09,11,2.51,1.01,2.36,-1.35,401354274,0,0.002,0.002,0.0,2.0,-2.0
2,39869,Cole Irvin,3.978,1.16,6.365,1.79,3.556,0.601,181.0,0.1727,0.0337,9.0,13.0,2.21,4.81,0.99,3.54,,0,2022,2022-04-09,22,3.0,0.0,1.46,-1.46,401354274,1,1.008,1.008,2.0,0.0,2.0
0,35292,Brad Keller,5.108,1.509,6.595,3.685,1.789,1.101,139.2,0.1653,0.0276,6.0,14.0,2.84,5.5,2.05,3.66,,1,2022,2022-04-09,5,2.0,1.0,2.39,-1.39,401354268,0,6.489,6.489,0.0,0.0,0.0
0,42169,Zach Plesac,4.322,1.326,6.86,2.607,2.632,0.687,131.2,0.1761,0.0335,3.0,12.0,2.4,5.18,1.45,3.81,,0,2022,2022-04-09,7,8.49,6.49,3.6,2.89,401354268,0,1.0,1.0,0.0,0.0,0.0
4,4684360,Joan Adon,7.15,1.791,7.71,5.467,1.41,0.944,64.2,0.1774,0.0258,1.0,12.0,3.97,5.92,3.04,4.28,,1,2022,2022-04-09,21,2.0,0.5,3.37,-2.87,401354273,0,3.0,3.0,4.0,0.0,4.0
0,33148,Chris Bassitt,3.427,1.148,8.295,2.434,3.408,0.988,181.2,0.2242,0.0255,15.0,9.0,1.9,4.39,1.35,4.61,,0,2022,2022-04-09,20,3.51,3.0,2.05,0.95,401354273,0,0.504,0.504,0.0,4.0,-4.0
0,39652,Kyle Wright,3.198,1.16,8.695,2.649,3.283,1.247,180.1,0.2358,0.0257,21.0,5.0,1.78,4.33,1.47,4.83,,1,2022,2022-04-09,17,2.51,2.51,1.78,0.73,401354267,0,2.996,2.996,0.0,2.0,-2.0
2,36092,Vladimir Gutierrez,7.707,1.934,7.21,5.967,1.208,0.5,36.2,0.162,0.0447,1.0,6.0,4.28,6.35,3.31,4.01,,0,2022,2022-04-09,15,3.51,3.0,4.43,-1.43,401354267,0,2.506,2.506,2.0,0.0,2.0
1,34874,German Marquez,5.017,1.369,7.45,3.129,2.381,0.945,181.2,0.1926,0.0385,9.0,13.0,2.79,5.1,1.74,4.14,,1,2022,2022-04-10,19,5.99,4.0,3.24,0.76,401354270,0,2.505,2.505,2.5,4.0,-1.5
1,38958,Tony Gonsolin,2.145,0.876,8.232,2.421,3.4,0.762,130.1,0.239,0.0221,16.0,1.0,1.19,3.04,1.35,4.57,,0,2022,2022-04-10,27,3.0,2.5,1.19,1.31,401354270,0,3.996,3.996,4.0,2.5,1.5
2,33829,Zach Davies,4.094,1.298,6.846,3.49,1.962,0.777,134.1,0.1789,0.0368,2.0,5.0,2.27,4.55,1.94,3.8,,1,2022,2022-04-10,25,2.0,0.99,1.82,-0.83,401354276,0,1.992,1.992,2.0,1.0,1.0
1,34848,Joe Musgrove,2.934,1.083,9.149,2.088,4.381,0.848,181.0,0.2486,0.0297,10.0,7.0,1.63,4.25,1.16,5.08,,0,2022,2022-04-10,29,4.98,1.99,1.48,0.51,401354276,0,0.992,0.992,1.0,2.0,-1.0
0,31730,Noah Syndergaard,3.957,1.259,6.371,2.079,3.065,0.761,134.2,0.1681,0.0248,10.0,10.0,2.2,5.14,1.15,3.54,,1,2022,2022-04-10,18,1.51,1.0,1.75,-0.75,401354269,0,1.004,1.004,1.0,1.0,0.0
1,6341,Justin Verlander,1.749,0.829,9.514,1.491,6.379,0.628,175.0,0.2778,0.018,18.0,4.0,0.97,3.31,0.83,5.29,,0,2022,2022-04-10,3,2.02,1.0,0.52,0.48,401354269,0,1.0,1.0,1.0,1.0,0.0
0,32804,Zach Eflin,4.069,1.13,7.779,1.795,4.333,0.839,75.2,0.2077,0.0256,3.0,5.0,2.26,4.65,1.0,4.32,,1,2022,2022-04-10,11,2.51,1.01,1.81,-0.8,401354289,0,0.002,0.002,0.0,0.0,0.0
0,39434,Daulton Jefferies,5.754,1.381,6.445,1.841,3.5,0.887,39.1,0.1628,0.0233,1.0,7.0,3.2,5.88,1.02,3.58,,0,2022,2022-04-10,22,3.0,0.0,2.45,-2.45,401354289,0,1.008,1.008,0.0,0.0,0.0
0,30981,Corey Kluber,4.335,1.213,7.628,1.152,6.619,0.582,164.0,0.2017,0.029,10.0,10.0,2.41,5.43,0.64,4.24,,1,2022,2022-04-10,1,7.97,3.99,2.86,1.13,401354279,0,0.008,0.008,0.0,4.0,-4.0
4,4717904,Tyler Wells,4.273,1.143,6.628,2.442,2.714,0.601,103.2,0.1797,0.0378,7.0,7.0,2.37,4.36,1.36,3.68,,0,2022,2022-04-10,30,0.02,0.01,1.63,-1.62,401354279,0,3.992,3.992,4.0,0.0,4.0
5,42409,Tarik Skubal,3.532,1.16,8.985,2.457,3.656,0.89,117.2,0.2453,0.0189,7.0,8.0,1.96,4.44,1.37,4.99,,1,2022,2022-04-10,4,1.02,0.99,1.51,-0.52,401354281,1,4.981,4.981,5.0,1.0,4.0
1,33763,Michael Kopech,3.552,1.192,7.935,4.307,1.842,0.559,119.1,0.2126,0.0304,5.0,9.0,1.97,3.57,2.39,4.41,,0,2022,2022-04-10,6,9.96,4.98,2.72,2.26,401354281,0,0.992,0.992,1.0,5.0,-4.0
6,40916,Ian Anderson,5.018,1.52,7.851,4.371,1.796,0.938,111.2,0.1968,0.0243,10.0,6.0,2.79,5.17,2.43,4.36,,1,2022,2022-04-10,17,2.51,2.51,2.79,-0.28,401354282,0,2.996,2.996,6.0,3.0,3.0
3,39635,Hunter Greene,4.457,1.214,11.789,3.45,3.417,0.444,125.2,0.3089,0.0452,5.0,13.0,2.48,4.15,1.92,6.55,,0,2022,2022-04-10,15,3.51,3.0,2.62,0.38,401354282,0,2.506,2.506,3.0,6.0,-3.0
2,33793,Erick Fedde,5.811,1.63,6.661,4.11,1.621,0.747,127.0,0.164,0.0366,6.0,13.0,3.23,5.87,2.28,3.7,,1,2022,2022-04-10,21,2.0,0.5,2.63,-2.13,401354288,0,3.0,3.0,2.0,1.0,1.0
1,28968,Carlos Carrasco,3.967,1.329,9.0,2.428,3.707,0.881,152.0,0.2357,0.0264,15.0,7.0,2.2,5.3,1.35,5.0,,0,2022,2022-04-10,20,3.51,3.0,2.35,0.65,401354288,0,0.504,0.504,1.0,2.0,-1.0
9,32582,Hyun Jin Ryu,5.667,1.333,5.333,1.333,4.0,0.86,27.0,0.1416,0.0442,2.0,0,3.15,5.93,0.74,2.96,,1,2022,2022-04-10,13,5.01,4.5,3.75,0.75,401354293,1,6.002,6.002,9.0,6.0,3.0
6,41072,Spencer Howard,7.5,1.747,7.742,3.629,2.133,0.679,37.2,0.1788,0.067,2.0,4.0,4.17,6.72,2.02,4.3,,0,2022,2022-04-10,14,7.5,6.0,5.22,0.78,401354293,0,4.505,4.505,6.0,9.0,-3.0
13,41201,Kris Bubic,5.581,1.698,7.674,4.395,1.746,0.73,129.0,0.1874,0.0307,3.0,13.0,3.1,6.05,2.44,4.26,,1,2022,2022-04-10,5,2.0,1.0,2.65,-1.65,401354283,1,6.489,6.489,13.0,2.0,11.0
2,39875,Cal Quantrill,3.385,1.209,6.19,2.273,2.723,0.736,186.1,0.1662,0.0273,15.0,5.0,1.88,4.78,1.26,3.44,,0,2022,2022-04-10,7,8.49,6.49,3.08,3.41,401354283,0,1.0,1.0,2.0,13.0,-11.0
4,3107919,Bailey Ober,3.214,1.054,8.196,1.768,4.636,0.417,56.0,0.2247,0.0176,2.0,3.0,1.79,4.29,0.98,4.55,,1,2022,2022-04-10,12,9.94,7.95,3.42,4.53,401354292,0,3.969,3.969,4.0,8.0,-4.0
8,33158,Marco Gonzales,4.131,1.333,5.066,2.459,2.06,0.75,183.0,0.1315,0.0383,10.0,15.0,2.3,5.3,1.37,2.81,,0,2022,2022-04-10,9,3.99,3.98,2.74,1.24,401354292,1,7.915,7.915,8.0,4.0,4.0
7,33106,Steven Matz,5.25,1.25,10.125,1.875,5.4,0.621,48.0,0.2609,0.0386,5.0,3.0,2.92,5.21,1.04,5.62,,1,2022,2022-04-10,23,5.01,4.0,3.37,0.63,401354290,1,4.491,4.491,7.0,3.0,4.0
3,40922,Bryse Wilson,5.547,1.424,6.172,2.5,2.469,1.081,115.2,0.1552,0.0393,3.0,9.0,3.08,5.73,1.39,3.43,,0,2022,2022-04-10,24,5.49,4.49,3.68,0.81,401354290,0,4.0,4.0,3.0,7.0,-4.0
1,32815,Marcus Stroman,3.517,1.151,7.75,2.344,3.306,1.081,138.2,0.2091,0.0281,6.0,7.0,1.95,4.45,1.3,4.31,,1,2022,2022-04-10,8,6.5,5.0,2.7,2.3,401354287,0,0.5,0.5,1.0,3.0,-2.0
3,39825,Freddy Peralta,3.577,1.038,9.923,3.115,3.185,0.661,78.0,0.2713,0.0189,4.0,4.0,1.99,3.46,1.73,5.51,,0,2022,2022-04-10,16,2.5,0.5,1.39,-0.89,401354287,0,4.986,4.986,3.0,1.0,2.0
4,33750,Antonio Senzatela,5.081,1.694,5.277,2.248,2.348,1.03,92.1,0.1308,0.0218,3.0,7.0,2.82,7.22,1.25,2.93,,1,2022,2022-04-10,19,5.99,4.0,3.27,0.73,401354285,0,2.505,2.505,2.5,4.0,-1.5
7,33223,Julio Urias,2.16,0.96,8.537,2.109,4.049,0.668,175.0,0.2409,0.0334,17.0,7.0,1.2,3.63,1.17,4.74,,0,2022,2022-04-10,27,3.0,2.5,1.2,1.3,401354285,1,3.996,3.996,4.0,2.5,1.5
2,33180,Anthony DeSclafani,6.632,2.0,8.053,1.895,4.25,0.8,19.0,0.1809,0.0426,0,2.0,3.68,8.95,1.05,4.47,,1,2022,2022-04-10,28,2.01,2.0,3.54,-1.54,401354286,0,1.497,1.497,2.0,3.0,-1.0
3,39640,Trevor Rogers,5.467,1.505,8.916,3.785,2.356,0.754,107.0,0.2222,0.0314,4.0,11.0,3.04,5.42,2.1,4.95,,0,2022,2022-04-10,26,2.01,1.5,2.74,-1.24,401354286,1,2.002,2.002,3.0,2.0,1.0
2,40981,Jose Suarez,3.963,1.248,8.505,2.725,3.121,0.704,109.0,0.2229,0.0303,8.0,8.0,2.2,4.72,1.51,4.72,,1,2022,2022-04-10,18,1.51,1.0,1.75,-0.75,401354284,1,1.004,1.004,1.0,1.0,0.0
1,35759,Jose Urquidy,3.949,1.17,7.349,2.084,3.526,0.579,164.1,0.1968,0.0426,13.0,8.0,2.19,4.69,1.16,4.08,,0,2022,2022-04-10,3,2.02,1.0,1.75,-0.75,401354284,0,1.0,1.0,1.0,1.0,0.0
4,31313,Patrick Corbin,5.2,1.483,6.2,2.85,2.175,0.828,180.0,0.157,0.0418,10.0,15.0,2.89,5.83,1.58,3.44,,1,2023,2023-03-30,15,3.98,3.98,3.33,0.65,401471020,1,1.027,1.027,3.0,1.0,2.0
2,32685,Max Fried,2.565,1.14,9.326,2.098,4.444,1.453,77.2,0.2572,0.0225,8.0,1.0,1.42,4.53,1.17,5.18,,0,2023,2023-03-30,20,1.05,1.03,0.98,0.05,401471020,1,3.977,3.977,1.0,3.0,-2.0
0,32081,Gerrit Cole,2.627,0.981,9.56,2.067,4.625,0.676,209.0,0.2704,0.0244,15.0,4.0,1.46,3.76,1.15,5.31,,1,2023,2023-03-30,26,5.5,3.5,1.76,1.74,401471030,0,1.497,1.497,3.0,2.0,1.0
3,41216,Logan Webb,3.25,1.074,8.083,1.292,6.258,1.68,216.0,0.2282,0.0235,11.0,13.0,1.81,4.65,0.72,4.49,,0,2023,2023-03-30,10,3.49,1.5,1.5,-0.0,401471030,0,3.499,3.499,2.0,3.0,-1.0
8,30981,Corey Kluber,7.036,1.636,6.873,3.436,2.0,0.439,55.0,0.1634,0.0661,3.0,6.0,3.91,6.27,1.91,3.82,,1,2023,2023-03-30,1,9.0,5.49,4.81,0.68,401471021,0,5.505,5.505,0.0,2.0,-2.0
2,31053,Kyle Gibson,4.734,1.318,7.359,2.578,2.855,0.99,192.0,0.1945,0.0285,15.0,9.0,2.63,5.16,1.43,4.09,,0,2023,2023-03-30,2,6.51,5.5,3.53,1.97,401471021,0,5.493,5.493,2.0,0.0,2.0
0,32815,Marcus Stroman,3.965,1.263,7.863,3.436,2.288,1.345,136.2,0.207,0.0157,10.0,9.0,2.2,4.41,1.91,4.37,,1,2023,2023-03-30,8,4.98,2.0,2.05,-0.05,401471025,0,2.977,2.977,1.0,3.0,-2.0
4,39878,Corbin Burnes,3.401,1.071,9.317,3.075,3.03,0.789,193.2,0.2551,0.0281,10.0,8.0,1.89,3.65,1.71,5.18,,0,2023,2023-03-30,16,8.94,2.98,2.03,0.95,401471025,0,2.0,2.0,3.0,1.0,2.0
0,41199,Shane McClanahan,3.287,1.183,9.47,3.209,2.951,0.806,115.0,0.258,0.032,11.0,2.0,1.83,4.13,1.78,5.26,,1,2023,2023-03-30,6,8.49,5.49,2.72,2.77,401471024,1,0.499,0.499,1.0,4.0,-3.0
1,32675,Eduardo Rodriguez,3.311,1.156,8.456,2.838,2.979,0.743,152.2,0.2303,0.0242,13.0,9.0,1.84,4.2,1.58,4.7,,0,2023,2023-03-30,30,1.5,0.5,1.24,-0.74,401471024,1,5.491,5.491,4.0,1.0,3.0
6,32796,Jacob deGrom,2.691,0.764,13.455,1.196,11.25,0.61,30.1,0.3913,0.0174,2.0,0,1.5,3.16,0.66,7.48,,1,2023,2023-03-30,22,2.09,2.05,1.36,0.69,401471028,0,1.027,1.027,0.0,9.0,-9.0
11,33709,Aaron Nola,4.472,1.154,9.41,2.096,4.489,0.758,193.2,0.2547,0.0404,12.0,9.0,2.48,4.61,1.16,5.23,,0,2023,2023-03-30,13,1.03,1.03,2.04,-1.01,401471028,0,2.054,2.054,9.0,0.0,9.0
0,5883,Zack Greinke,5.067,1.274,6.144,1.457,4.217,0.777,142.1,0.1636,0.0422,2.0,15.0,2.81,5.56,0.81,3.41,,1,2023,2023-03-30,9,2.0,0.5,2.21,-1.71,401471026,0,1.497,1.497,8.0,2.0,6.0
0,39671,Pablo Lopez,3.665,1.155,10.856,2.227,4.875,0.828,194.0,0.2921,0.03,11.0,8.0,2.04,4.54,1.24,6.03,,0,2023,2023-03-30,7,4.5,1.5,1.74,-0.24,401471026,0,0.499,0.499,2.0,8.0,-6.0
1,35241,Sandy Alcantara,4.153,1.216,7.378,2.345,3.146,1.078,184.2,0.1982,0.0289,7.0,12.0,2.31,4.78,1.3,4.1,,1,2023,2023-03-30,21,1.5,1.5,2.01,-0.51,401471027,0,3.986,3.986,2.0,2.0,0.0
0,28976,Max Scherzer,3.784,1.124,10.289,2.661,3.867,0.508,152.2,0.2802,0.0451,13.0,6.0,2.1,4.14,1.48,5.72,,0,2023,2023-03-30,28,5.49,3.99,2.55,1.44,401471027,0,1.496,1.496,2.0,2.0,0.0
4,39635,Hunter Greene,4.821,1.42,12.214,3.857,3.167,0.559,112.0,0.3052,0.0382,4.0,7.0,2.68,4.96,2.14,6.79,,1,2023,2023-03-30,23,4.5,3.0,2.83,0.17,401471029,0,1.505,1.505,7.0,6.0,1.0
4,33722,Mitch Keller,4.219,1.247,9.737,2.55,3.818,0.791,194.1,0.2545,0.0303,13.0,9.0,2.34,4.82,1.42,5.41,,0,2023,2023-03-30,17,1.51,1.5,2.05,-0.55,401471029,0,3.002,3.002,6.0,7.0,-1.0
5,32116,Miles Mikolas,4.789,1.318,6.131,1.745,3.513,0.64,201.1,0.1593,0.0302,9.0,13.0,2.66,5.62,0.97,3.41,,1,2023,2023-03-30,14,8.98,8.96,4.6,4.36,401471031,0,2.996,2.996,6.0,3.0,3.0
5,42436,Alek Manoah,5.89,1.745,8.163,6.096,1.339,0.634,87.1,0.1904,0.0361,3.0,9.0,3.27,5.34,3.39,4.54,,0,2023,2023-03-30,24,4.01,3.0,3.42,-0.42,401471031,0,8.961,8.961,3.0,6.0,-3.0
0,36581,Framber Valdez,3.455,1.126,9.091,2.591,3.509,1.231,198.0,0.2475,0.0235,12.0,11.0,1.92,4.19,1.44,5.05,,1,2023,2023-03-30,4,3.02,0.01,1.17,-1.16,401471022,1,1.004,1.004,5.0,1.0,4.0
0,34943,Dylan Cease,4.576,1.418,10.881,4.017,2.709,0.582,177.0,0.273,0.0242,7.0,9.0,2.54,4.86,2.23,6.05,,0,2023,2023-03-30,18,5.97,1.0,2.09,-1.09,401471022,0,0.012,0.012,1.0,5.0,-4.0
4,33748,Blake Snell,2.25,1.189,11.7,4.95,2.364,0.776,180.0,0.3154,0.0202,14.0,9.0,1.25,3.19,2.75,6.5,,1,2023,2023-03-31,27,5.48,3.99,1.7,2.29,401471032,1,0.514,0.514,4.0,2.0,2.0
2,34874,German Marquez,4.95,1.1,7.65,1.35,5.667,1.071,20.0,0.2125,0.05,2.0,2.0,2.75,4.75,0.75,4.25,,0,2023,2023-03-31,25,2.51,0.51,2.15,-1.64,401471032,0,3.988,3.988,2.0,4.0,-2.0
1,41041,Kyle Muller,7.597,1.961,6.545,4.558,1.436,0.768,77.0,0.1505,0.043,1.0,5.0,4.22,7.27,2.53,3.64,,1,2023,2023-03-31,3,0.5,0.5,3.62,-3.12,401471018,1,8.485,8.485,1.0,0.0,1.0
0,39832,Shohei Ohtani,3.136,1.061,11.386,3.75,3.036,0.845,132.0,0.3145,0.0339,10.0,5.0,1.74,3.22,2.08,6.33,,0,2023,2023-03-31,11,9.48,8.49,3.54,4.95,401471018,0,0.499,0.499,0.0,1.0,-1.0
2,33223,Julio Urias,4.611,1.161,8.992,1.845,4.875,0.601,117.1,0.2427,0.0498,11.0,8.0,2.56,4.78,1.02,5.0,,1,2023,2023-03-31,29,5.5,4.49,3.16,1.33,401471019,1,1.0,1.0,1.0,2.5,-1.5
5,39910,Zac Gallen,3.471,1.119,9.429,2.014,4.681,0.734,210.0,0.26,0.026,17.0,9.0,1.93,4.48,1.12,5.24,,0,2023,2023-03-31,19,1.5,1.0,1.48,-0.48,401471019,0,4.492,4.492,2.5,1.0,1.5
0,35124,Luis Castillo,3.335,1.096,10.005,2.558,3.911,0.652,197.0,0.2731,0.0349,14.0,9.0,1.85,4.06,1.42,5.56,,1,2023,2023-03-31,5,2.5,2.5,1.85,0.65,401471023,0,2.506,2.506,13.0,4.0,9.0
0,40912,Shane Bieber,3.797,1.234,7.523,2.391,3.147,0.906,128.0,0.2008,0.0263,6.0,6.0,2.11,4.84,1.33,4.18,,0,2023,2023-03-31,12,4.0,2.51,2.11,0.4,401471023,0,2.498,2.498,4.0,13.0,-9.0
0,39667,Jesus Luzardo,3.586,1.218,10.505,2.778,3.782,0.698,178.2,0.2807,0.0297,10.0,10.0,1.99,4.55,1.54,5.84,,1,2023,2023-03-31,21,1.5,1.5,1.69,-0.19,401471036,1,3.986,3.986,1.929,1.857,0.072
1,40921,David Peterson,5.027,1.568,10.378,4.054,2.56,1.232,111.0,0.2602,0.0325,3.0,8.0,2.79,5.59,2.25,5.77,,0,2023,2023-03-31,28,5.49,3.99,3.24,0.75,401471036,1,1.496,1.496,1.857,1.929,-0.072
1,41261,Cristian Javier,4.556,1.265,8.833,3.444,2.565,0.354,162.0,0.2314,0.0364,10.0,5.0,2.53,4.41,1.91,4.91,,1,2023,2023-04-01,4,3.02,0.01,1.78,-1.77,401471034,0,1.004,1.004,4.643,1.0,3.643
0,30820,Lance Lynn,5.748,1.397,9.383,3.291,2.851,0.57,183.2,0.2364,0.0545,13.0,11.0,3.19,5.16,1.83,5.21,,0,2023,2023-04-01,18,5.97,1.0,2.74,-1.74,401471034,0,0.012,0.012,1.0,4.643,-3.643
4,33372,Nick Martinez,3.433,1.262,8.665,3.27,2.65,1.175,110.1,0.2299,0.026,6.0,4.0,1.91,4.5,1.82,4.81,,1,2023,2023-04-01,27,5.48,3.99,2.35,1.64,401471037,0,0.514,0.514,4.214,2.0,2.214
0,33839,Kyle Freeland,5.045,1.476,5.451,2.436,2.238,0.693,155.2,0.1388,0.0428,6.0,14.0,2.8,6.02,1.35,3.03,,0,2023,2023-04-01,25,2.51,0.51,2.21,-1.7,401471037,1,3.988,3.988,2.0,4.214,-2.214
0,40937,Dustin May,2.625,0.938,6.375,3.0,2.125,0.8,48.0,0.1818,0.0053,4.0,1.0,1.46,3.02,1.67,3.54,,1,2023,2023-04-01,29,5.5,4.49,2.06,2.43,401471033,0,1.0,1.0,1.071,2.786,-1.715
0,32968,Merrill Kelly,3.301,1.196,9.498,3.505,2.71,0.841,177.2,0.259,0.0277,12.0,8.0,1.83,4.03,1.95,5.28,,0,2023,2023-04-01,19,1.5,1.0,1.38,-0.38,401471033,0,4.492,4.492,2.786,1.071,1.715
8,32175,Robbie Ray,8.71,2.903,8.71,14.516,0.6,1.75,3.1,0.1579,0.0,0,1.0,4.84,6.45,8.06,4.84,,1,2023,2023-04-01,5,2.5,2.5,4.84,-2.34,401471035,1,2.506,2.506,12.071,3.714,8.357
4,4187661,Hunter Gaddis,4.5,1.31,5.143,3.0,1.714,0.373,42.0,0.1319,0.033,2.0,1.0,2.5,4.88,1.67,2.86,,0,2023,2023-04-01,12,4.0,2.51,2.5,0.01,401471035,0,2.498,2.498,3.714,12.071,-8.357
3,35759,Jose Urquidy,5.286,1.429,6.429,3.571,1.8,0.574,63.0,0.1636,0.04,3.0,3.0,2.94,5.16,1.98,3.57,,1,2023,2023-04-01,4,3.02,0.01,2.19,-2.18,401471042,0,1.004,1.004,4.357,0.857,3.5
3,32697,Lucas Giolito,4.889,1.315,9.973,3.569,2.795,0.565,184.1,0.2569,0.0516,8.0,15.0,2.72,4.59,1.98,5.54,,0,2023,2023-04-01,18,5.97,1.0,2.27,-1.27,401471042,0,0.012,0.012,0.857,4.357,-3.5
0,33837,Jack Flaherty,4.997,1.582,9.244,4.122,2.242,0.755,144.1,0.2277,0.0262,8.0,9.0,2.78,5.62,2.29,5.14,,1,2023,2023-04-01,14,8.98,8.96,4.71,4.25,401471051,0,2.996,2.996,5.929,3.143,2.786
3,32667,Kevin Gausman,3.162,1.178,11.53,2.676,4.309,0.752,185.0,0.3106,0.0249,12.0,9.0,1.76,4.41,1.49,6.41,,0,2023,2023-04-01,24,4.01,3.0,1.91,1.09,401471051,0,8.961,8.961,3.143,5.929,-2.786
0,41022,Justin Steele,3.068,1.173,9.151,1.872,4.889,1.012,173.1,0.2458,0.0196,16.0,5.0,1.7,4.82,1.04,5.08,,1,2023,2023-04-01,8,4.98,2.0,1.55,0.45,401471045,1,2.977,2.977,0.929,3.071,-2.142
0,37515,Brandon Woodruff,2.284,0.821,9.94,2.015,4.933,0.594,67.0,0.2925,0.0356,5.0,1.0,1.27,2.99,1.12,5.52,,0,2023,2023-04-01,16,8.94,2.98,1.41,1.57,401471045,0,2.0,2.0,3.071,0.929,2.142
5,41165,Josiah Gray,3.906,1.459,8.094,4.528,1.788,0.612,159.0,0.2049,0.0315,8.0,13.0,2.17,4.78,2.52,4.5,,1,2023,2023-04-01,15,3.98,3.98,2.61,1.37,401471040,0,1.027,1.027,3.071,1.071,2.0
0,4307825,Spencer Strider,3.867,1.096,13.582,2.803,4.845,0.537,186.2,0.3683,0.0288,20.0,5.0,2.15,3.92,1.56,7.55,,0,2023,2023-04-01,20,1.05,1.03,1.71,-0.68,401471040,0,3.977,3.977,1.071,3.071,-2.0
3,31174,Nathan Eovaldi,3.625,1.139,8.25,2.938,2.809,1.063,144.0,0.2288,0.026,12.0,5.0,2.01,4.06,1.63,4.58,,1,2023,2023-04-01,22,2.09,2.05,1.88,0.17,401471048,0,1.027,1.027,0.429,9.143,-8.714
7,31267,Zack Wheeler,3.609,1.078,9.938,1.828,5.436,0.7,192.0,0.2694,0.0254,13.0,6.0,2.01,4.38,1.02,5.52,,0,2023,2023-04-01,13,1.03,1.03,1.56,-0.53,401471048,0,2.054,2.054,9.143,0.429,8.714
3,41085,Clarke Schmidt,4.642,1.352,8.434,2.604,3.239,0.775,159.0,0.2147,0.0346,9.0,9.0,2.58,5.31,1.45,4.69,,1,2023,2023-04-01,26,5.5,3.5,2.88,0.62,401471050,0,1.497,1.497,3.0,3.0,0.0
3,31086,Alex Cobb,3.872,1.324,7.803,2.204,3.541,1.372,151.1,0.2028,0.0294,7.0,7.0,2.15,5.39,1.22,4.33,,0,2023,2023-04-01,10,3.49,1.5,1.85,-0.35,401471050,0,3.499,3.499,3.0,3.0,0.0
11,4142398,Shintaro Fujinami,7.177,1.494,9.456,5.127,1.844,0.644,79.0,0.2325,0.0252,7.0,8.0,3.99,4.62,2.85,5.25,,1,2023,2023-04-01,3,0.5,0.5,3.39,-2.89,401471038,0,8.485,8.485,11.0,1.0,10.0
1,40975,Patrick Sandoval,4.119,1.519,7.989,4.619,1.73,0.886,144.2,0.1963,0.0184,7.0,13.0,2.29,5.03,2.57,4.44,,0,2023,2023-04-01,11,9.48,8.49,4.08,4.41,401471038,1,0.499,0.499,1.0,11.0,-10.0
8,30948,Chris Sale,4.315,1.135,11.008,2.554,4.31,0.623,102.2,0.2941,0.0353,6.0,5.0,2.4,4.26,1.42,6.12,,1,2023,2023-04-01,1,9.0,5.49,3.3,2.19,401471041,1,5.505,5.505,8.0,5.0,3.0
5,38295,Dean Kremer,4.129,1.312,8.206,2.875,2.855,0.671,172.2,0.2136,0.0367,13.0,5.0,2.29,4.97,1.6,4.56,,0,2023,2023-04-01,2,6.51,5.5,3.2,2.3,401471041,0,5.493,5.493,5.0,8.0,-3.0
1,32804,Zach Eflin,3.505,1.027,9.447,1.219,7.75,1.016,177.2,0.2646,0.027,16.0,8.0,1.95,4.46,0.68,5.25,,1,2023,2023-04-01,6,8.49,5.49,2.84,2.65,401471044,0,0.499,0.499,1.0,10.0,-9.0
10,33732,Spencer Turnbull,7.258,1.677,6.968,4.355,1.6,0.907,31.0,0.1655,0.0345,1.0,4.0,4.03,5.97,2.42,3.87,,0,2023,2023-04-01,30,1.5,0.5,3.43,-2.93,401471044,0,5.491,5.491,10.0,1.0,9.0
1,31061,Jordan Lyles,6.298,1.247,6.095,2.286,2.667,0.513,177.2,0.1604,0.0521,6.0,17.0,3.5,4.97,1.27,3.39,,1,2023,2023-04-01,9,2.0,0.5,2.9,-2.4,401471046,0,1.497,1.497,1.0,0.0,1.0
0,32082,Sonny Gray,2.788,1.147,8.951,2.69,3.327,0.925,184.0,0.2427,0.0106,8.0,8.0,1.55,4.24,1.49,4.97,,0,2023,2023-04-01,7,4.5,1.5,1.25,0.25,401471046,0,0.499,0.499,0.0,1.0,-1.0
4,40944,Edward Cabrera,4.264,1.452,10.706,5.988,1.788,1.257,99.2,0.2719,0.0253,7.0,7.0,2.37,3.93,3.33,5.95,,1,2023,2023-04-01,21,1.5,1.5,2.07,-0.57,401471047,0,3.986,3.986,4.0,2.0,2.0
2,3332018,Tylor Megill,4.711,1.578,7.494,4.14,1.81,0.796,126.1,0.1852,0.0317,9.0,8.0,2.62,5.59,2.3,4.16,,0,2023,2023-04-01,28,5.49,3.99,3.06,0.93,401471047,0,1.496,1.496,2.0,4.0,-2.0
2,42433,Nick Lodolo,6.334,1.76,12.405,2.639,4.7,0.889,34.1,0.2831,0.0602,2.0,1.0,3.52,7.33,1.47,6.89,,1,2023,2023-04-01,23,4.5,3.0,3.67,-0.67,401471049,1,1.505,1.505,2.0,3.0,-1.0
3,6321,Rich Hill,5.421,1.526,7.947,3.573,2.224,0.64,146.1,0.1955,0.0348,8.0,14.0,3.01,5.65,1.98,4.41,,0,2023,2023-04-01,17,1.51,1.5,2.71,-1.21,401471049,1,3.002,3.002,3.0,2.0,1.0
1,32640,Michael Wacha,3.221,1.163,8.322,2.886,2.884,0.544,134.1,0.2242,0.0271,14.0,4.0,1.79,4.21,1.6,4.62,,1,2023,2023-04-02,27,5.48,3.99,2.24,1.75,401471052,0,0.514,0.514,0.5,4.0,-3.5
5,33107,Jose Urena,6.516,1.629,5.905,4.48,1.318,0.936,44.2,0.1429,0.064,0,7.0,3.62,5.66,2.49,3.28,,0,2023,2023-04-02,25,2.51,0.51,3.02,-2.51,401471052,0,3.988,3.988,4.0,0.5,3.5
1,28963,Clayton Kershaw,2.47,1.067,9.398,2.744,3.425,0.916,131.2,0.262,0.0363,13.0,5.0,1.37,3.81,1.52,5.22,,1,2023,2023-04-02,29,5.5,4.49,1.97,2.52,401471039,1,1.0,1.0,1.0,4.5,-3.5
8,29949,Madison Bumgarner,10.556,2.469,5.556,8.333,0.667,0.561,16.2,0.1111,0.0444,0,3.0,5.86,7.72,4.63,3.09,,0,2023,2023-04-02,19,1.5,1.0,5.41,-4.41,401471039,1,4.492,4.492,4.5,1.0,3.5
1,41221,Logan Gilbert,3.738,1.078,8.943,1.703,5.25,0.729,190.2,0.2455,0.0377,13.0,7.0,2.08,4.44,0.95,4.97,,1,2023,2023-04-02,5,2.5,2.5,2.08,0.42,401471043,0,2.506,2.506,2.5,2.5,0.0
0,40934,Aaron Civale,3.464,1.163,8.55,2.432,3.515,0.662,122.1,0.2302,0.0238,7.0,5.0,1.92,4.46,1.35,4.75,,0,2023,2023-04-02,12,4.0,2.51,1.93,0.58,401471043,0,2.498,2.498,2.5,2.5,0.0
0,35397,Jeffrey Springs,0.562,0.5,13.5,2.25,6.0,1.0,16.0,0.4364,0.0182,2.0,0,0.31,1.25,1.25,7.5,,1,2023,2023-04-02,6,8.49,5.49,1.21,4.28,401471059,1,0.499,0.499,0.0,1.0,-1.0
1,40927,Joey Wentz,6.93,1.692,8.384,4.021,2.085,0.584,105.2,0.1992,0.0508,3.0,13.0,3.85,6.23,2.23,4.66,,0,2023,2023-04-02,30,1.5,0.5,3.25,-2.75,401471059,1,5.491,5.491,1.0,0.0,1.0
1,39636,MacKenzie Gore,4.431,1.403,9.985,3.769,2.649,0.643,136.1,0.2595,0.0464,7.0,10.0,2.46,4.92,2.09,5.55,,1,2023,2023-04-02,15,3.98,3.98,2.9,1.08,401471055,1,1.027,1.027,1.0,4.0,-3.0
4,4623366,Jared Shuster,5.862,1.513,5.172,4.483,1.154,0.559,52.2,0.1304,0.0304,4.0,3.0,3.26,5.08,2.49,2.87,,0,2023,2023-04-02,20,1.05,1.03,2.81,-1.78,401471055,1,3.977,3.977,4.0,1.0,3.0
3,41009,Tanner Houck,5.009,1.368,8.406,3.481,2.415,1.142,106.0,0.2138,0.0302,6.0,10.0,2.78,4.91,1.93,4.67,,1,2023,2023-04-02,1,9.0,5.49,3.68,1.81,401471056,0,5.505,5.505,3.0,6.0,-3.0
6,39869,Cole Irvin,4.436,1.284,7.938,2.451,3.238,0.714,77.1,0.2024,0.0327,1.0,4.0,2.46,5.06,1.36,4.41,,0,2023,2023-04-02,2,6.51,5.5,3.37,2.13,401471056,1,5.493,5.493,6.0,3.0,3.0
0,42864,Jhony Brito,4.295,1.221,7.192,2.797,2.571,0.799,90.1,0.1935,0.0376,9.0,7.0,2.39,4.55,1.55,4.0,,1,2023,2023-04-02,26,5.5,3.5,2.69,0.81,401471065,0,1.497,1.497,0.0,4.0,-4.0
4,32789,Ross Stripling,5.36,1.348,7.079,1.618,4.375,0.798,89.0,0.1837,0.0525,0,5.0,2.98,5.84,0.9,3.93,,0,2023,2023-04-02,10,3.49,1.5,2.68,-1.18,401471065,0,3.499,3.499,4.0,0.0,4.0
4,39640,Trevor Rogers,4.0,1.222,9.5,3.0,3.167,1.125,18.0,0.2405,0.0253,1.0,2.0,2.22,4.44,1.67,5.28,,1,2023,2023-04-02,21,1.5,1.5,1.92,-0.42,401471062,1,3.986,3.986,4.0,1.0,3.0
1,4142421,Kodai Senga,2.98,1.222,10.945,4.172,2.623,0.786,166.1,0.2911,0.0245,12.0,7.0,1.66,3.79,2.32,6.08,,0,2023,2023-04-02,28,5.49,3.99,2.1,1.89,401471062,0,1.496,1.496,1.0,4.0,-3.0
1,4084179,Graham Ashcraft,4.773,1.377,6.88,3.223,2.135,0.923,145.2,0.1779,0.0369,7.0,9.0,2.65,5.1,1.79,3.82,,1,2023,2023-04-02,23,4.5,3.0,2.8,0.2,401471064,0,1.505,1.505,1.0,3.0,-2.0
3,31878,Vince Velasquez,3.881,1.321,8.976,3.396,2.643,0.467,37.1,0.2284,0.0247,4.0,4.0,2.16,4.72,1.89,4.99,,0,2023,2023-04-02,17,1.51,1.5,1.86,-0.36,401471064,0,3.002,3.002,3.0,1.0,2.0
1,4684365,Luis Garcia,4.0,1.296,10.333,3.333,3.1,0.377,27.0,0.2696,0.0261,2.0,2.0,2.22,4.63,1.85,5.74,,1,2023,2023-04-02,4,3.02,0.01,1.48,-1.47,401471057,0,1.004,1.004,1.0,0.0,1.0
0,32769,Mike Clevinger,3.776,1.228,7.551,2.746,2.75,0.455,131.1,0.2004,0.0291,9.0,9.0,2.1,4.61,1.53,4.2,,0,2023,2023-04-02,18,5.97,1.0,1.65,-0.65,401471057,0,0.012,0.012,0.0,1.0,-1.0
2,35292,Brad Keller,4.59,1.929,6.186,8.98,0.689,1.357,45.1,0.1469,0.0142,3.0,4.0,2.55,4.66,4.99,3.44,,1,2023,2023-04-02,9,2.0,0.5,1.95,-1.45,401471061,0,1.497,1.497,2.0,1.0,1.0
1,42450,Joe Ryan,4.522,1.172,10.999,1.898,5.794,0.495,161.2,0.2932,0.0476,11.0,10.0,2.51,4.81,1.05,6.11,,0,2023,2023-04-02,7,4.5,1.5,2.21,-0.71,401471061,0,0.499,0.499,1.0,2.0,-1.0
3,38173,Jordan Montgomery,3.204,1.196,7.938,2.295,3.458,0.78,188.2,0.2136,0.0232,10.0,11.0,1.78,4.7,1.28,4.41,,1,2023,2023-04-02,14,8.98,8.96,3.72,5.24,401471066,1,2.996,2.996,3.0,9.0,-6.0
9,33148,Chris Bassitt,3.6,1.175,8.37,2.655,3.153,0.751,200.0,0.2252,0.0339,16.0,8.0,2.0,4.4,1.47,4.65,,0,2023,2023-04-02,24,4.01,3.0,2.15,0.85,401471066,0,8.961,8.961,9.0,3.0,6.0
3,31258,Jameson Taillon,4.848,1.278,8.177,2.395,3.415,0.623,154.1,0.2137,0.0412,8.0,10.0,2.69,5.06,1.33,4.54,,1,2023,2023-04-02,8,4.98,2.0,2.54,-0.54,401471060,0,2.977,2.977,3.0,2.0,1.0
2,39915,Eric Lauer,6.623,1.688,8.377,4.675,1.792,0.333,46.2,0.2038,0.0758,4.0,6.0,3.68,5.84,2.6,4.65,,0,2023,2023-04-02,16,8.94,2.98,3.82,-0.84,401471060,1,2.0,2.0,2.0,3.0,-1.0
6,4189711,Ken Waldichuk,5.362,1.56,8.426,4.532,1.859,0.697,141.0,0.2066,0.0376,4.0,9.0,2.98,5.28,2.52,4.68,,1,2023,2023-04-02,3,0.5,0.5,2.38,-1.88,401471053,1,8.485,8.485,6.0,0.0,6.0
0,32151,Tyler Anderson,5.426,1.489,7.596,4.085,1.859,0.449,141.0,0.1892,0.0318,6.0,6.0,3.01,5.18,2.27,4.22,,0,2023,2023-04-02,11,9.48,8.49,4.81,3.68,401471053,1,0.499,0.499,0.0,6.0,-6.0
1,31730,Noah Syndergaard,6.531,1.395,5.714,1.939,2.947,0.619,88.2,0.1432,0.0563,2.0,6.0,3.63,5.9,1.08,3.17,,1,2023,2023-04-02,29,5.5,4.49,4.23,0.26,401471054,0,1.0,1.0,1.0,4.5,-3.5
1,33829,Zach Davies,7.016,1.669,7.893,4.275,1.846,0.796,82.1,0.191,0.0265,2.0,5.0,3.9,5.97,2.38,4.38,,0,2023,2023-04-02,19,1.5,1.0,3.45,-2.45,401471054,0,4.492,4.492,4.5,1.0,3.5
4,33158,Marco Gonzales,5.22,1.46,6.12,3.24,1.889,0.68,50.0,0.1581,0.0233,4.0,1.0,2.9,5.5,1.8,3.4,,1,2023,2023-04-02,5,2.5,2.5,2.9,-0.4,401471058,1,2.506,2.506,2.5,2.5,0.0
5,39875,Cal Quantrill,5.262,1.472,5.262,3.175,1.657,0.678,99.2,0.1306,0.0248,4.0,7.0,2.92,5.59,1.76,2.92,,0,2023,2023-04-02,12,4.0,2.51,2.93,-0.42,401471058,0,2.498,2.498,2.5,2.5,0.0
0,34873,Seth Lugo,3.573,1.205,8.624,2.218,3.889,0.832,146.1,0.2318,0.0315,8.0,7.0,1.98,4.79,1.23,4.79,,1,2023,2023-04-02,27,5.48,3.99,2.43,1.56,401471067,0,0.514,0.514,0.5,4.0,-3.5
3,34897,Austin Gomber,5.504,1.489,5.633,2.784,2.023,0.747,139.0,0.1443,0.0431,9.0,9.0,3.06,5.9,1.55,3.13,,0,2023,2023-04-02,25,2.51,0.51,2.46,-1.95,401471067,1,3.988,3.988,4.0,0.5,3.5
1,31098,Martin Perez,4.462,1.409,5.928,3.123,1.898,0.855,141.2,0.153,0.0345,10.0,4.0,2.48,5.31,1.74,3.29,,1,2023,2023-04-02,22,2.09,2.05,2.35,-0.3,401471063,1,1.027,1.027,1.0,2.0,-1.0
2,4705677,Bailey Falter,5.387,1.421,6.733,2.244,3.0,0.679,80.2,0.1729,0.049,2.0,9.0,2.99,5.86,1.25,3.74,,0,2023,2023-04-02,13,1.03,1.03,2.55,-1.52,401471063,1,2.054,2.054,2.0,1.0,1.0
1,33696,Carlos Rodon,3.091,1.051,9.364,3.368,2.781,0.787,195.1,0.2573,0.0279,18.0,9.0,1.72,3.38,1.87,5.2,,1,2025,2025-03-27,8,12.0,5.03,2.48,2.55,401694911,1,3.004,3.004,3.0,4.0,-1.0
2,39825,Freddy Peralta,2.707,1.078,10.42,3.371,3.091,0.599,176.2,0.2822,0.029,17.0,6.0,1.5,3.52,1.87,5.79,,0,2025,2025-03-27,10,3.02,3.0,1.66,1.34,401694911,0,5.031,5.031,4.0,3.0,1.0
6,32811,Jose Berrios,4.175,1.301,7.482,3.036,2.464,0.732,166.0,0.1977,0.0372,9.0,5.0,2.32,4.82,1.69,4.16,,1,2025,2025-03-27,1,4.0,3.5,2.62,0.88,401694909,0,4.498,4.498,3.0,3.0,0.0
2,32804,Zach Eflin,5.949,1.421,6.329,1.646,3.846,0.73,71.1,0.1618,0.0583,6.0,5.0,3.31,6.19,0.91,3.52,,0,2025,2025-03-27,14,5.01,4.5,3.9,0.6,401694909,0,3.5,3.5,3.0,3.0,0.0
0,39636,MacKenzie Gore,4.183,1.357,10.459,3.618,2.891,0.626,159.2,0.2721,0.0294,5.0,15.0,2.32,4.77,2.01,5.81,,1,2025,2025-03-27,22,5.5,2.5,2.32,0.18,401694912,1,0.998,0.998,1.0,4.0,-3.0
1,31267,Zack Wheeler,2.714,0.938,11.763,1.991,5.909,0.711,149.2,0.3333,0.0325,10.0,5.0,1.51,3.59,1.11,6.53,,0,2025,2025-03-27,20,6.0,1.0,1.06,-0.06,401694912,0,2.497,2.497,4.0,1.0,3.0
2,31174,Nathan Eovaldi,1.731,0.854,8.931,1.454,6.143,1.048,130.0,0.2601,0.0202,11.0,3.0,0.96,3.46,0.81,4.96,,1,2025,2025-03-27,2,3.5,2.5,0.96,1.54,401694916,0,1.002,1.002,6.0,2.0,4.0
2,4297835,Garrett Crochet,2.589,1.029,11.19,2.019,5.543,0.973,205.1,0.3133,0.0295,18.0,5.0,1.44,4.02,1.12,6.22,,0,2025,2025-03-27,13,2.5,1.0,0.99,0.01,401694916,1,2.498,2.498,2.0,6.0,-4.0
2,35241,Sandy Alcantara,5.373,1.274,7.336,2.945,2.491,0.874,174.2,0.1906,0.0295,11.0,12.0,2.99,4.74,1.64,4.08,,1,2025,2025-03-27,23,4.0,1.0,2.54,-1.54,401694913,0,1.506,1.506,1.0,1.0,0.0
1,4719507,Paul Skenes,1.971,0.951,10.385,2.019,5.143,0.804,187.2,0.2947,0.015,10.0,10.0,1.1,3.63,1.12,5.77,,0,2025,2025-03-27,28,3.0,1.51,0.8,0.71,401694913,0,1.0,1.0,1.0,1.0,0.0
2,39635,Hunter Greene,2.771,0.942,11.082,2.183,5.077,0.52,107.2,0.3143,0.0357,7.0,4.0,1.54,3.5,1.21,6.16,,1,2025,2025-03-27,26,3.0,1.0,1.09,-0.09,401694914,0,1.501,1.501,0.0,3.0,-3.0
3,41216,Logan Webb,3.217,1.237,9.739,2.0,4.87,1.185,207.0,0.2617,0.0164,15.0,11.0,1.79,5.07,1.11,5.41,,0,2025,2025-03-27,17,4.0,1.5,1.49,0.01,401694914,0,1.004,1.004,3.0,0.0,3.0
0,4867679,Sean Burke,4.295,1.454,8.926,4.228,2.111,0.662,134.1,0.2232,0.0386,4.0,11.0,2.39,4.92,2.35,4.96,,1,2025,2025-03-27,3,2.02,2.0,2.23,-0.23,401694915,0,1.985,1.985,6.0,1.0,5.0
3,41415,Yusei Kikuchi,3.992,1.426,8.793,3.739,2.351,0.675,178.1,0.2254,0.0311,7.0,11.0,2.22,5.05,2.08,4.88,,0,2025,2025-03-27,4,2.98,1.98,2.06,-0.08,401694915,1,1.996,1.996,1.0,6.0,-5.0
2,41054,Cole Ragans,4.706,1.193,14.412,2.941,4.9,0.593,61.2,0.3813,0.0272,3.0,3.0,2.61,4.33,1.63,8.01,,1,2025,2025-03-27,5,3.0,0.5,2.02,-1.52,401694917,1,2.998,2.998,2.5,1.0,1.5
3,33194,Ben Lively,3.258,1.199,5.905,3.054,1.933,0.441,44.2,0.1629,0.0337,2.0,2.0,1.81,4.3,1.7,3.28,,0,2025,2025-03-27,7,4.5,3.0,1.96,1.04,401694917,0,0.505,0.505,1.0,2.5,-1.5
0,36581,Framber Valdez,3.656,1.245,8.766,3.188,2.75,1.466,192.0,0.2332,0.0187,13.0,11.0,2.03,4.45,1.77,4.87,,1,2025,2025-03-27,21,2.0,1.01,1.58,-0.57,401694919,1,0.012,0.012,4.0,0.0,4.0
3,32827,Clay Holmes,3.541,1.308,7.028,3.596,1.955,1.268,165.2,0.1822,0.0198,12.0,8.0,1.97,4.54,2.0,3.9,,0,2025,2025-03-27,18,1.01,0.01,1.22,-1.21,401694919,0,1.008,1.008,0.0,4.0,-4.0
4,40429,Michael King,3.447,1.204,9.357,3.201,2.923,0.642,73.1,0.2468,0.039,5.0,3.0,1.92,4.24,1.78,5.2,,1,2025,2025-03-27,15,1.03,0.02,1.17,-1.15,401694920,0,0.027,0.027,1.0,4.0,-3.0
3,30948,Chris Sale,2.588,1.07,11.861,2.3,5.156,0.669,125.2,0.3235,0.0216,7.0,5.0,1.44,4.07,1.28,6.59,,0,2025,2025-03-27,25,0.03,0.03,0.7,-0.67,401694920,1,0.023,0.023,4.0,1.0,3.0
2,32082,Sonny Gray,4.295,1.238,10.039,1.898,5.289,0.821,180.2,0.2669,0.0332,14.0,8.0,2.39,5.13,1.05,5.58,,1,2025,2025-03-27,9,7.0,4.5,2.99,1.51,401694918,0,1.501,1.501,2.0,9.0,-7.0
4,39671,Pablo Lopez,2.753,1.117,8.737,2.394,3.65,0.629,75.2,0.234,0.0192,5.0,4.0,1.53,4.26,1.33,4.85,,0,2025,2025-03-27,24,1.5,1.5,1.23,0.27,401694918,0,4.499,4.499,9.0,2.0,7.0
2,33748,Blake Snell,2.357,1.26,10.606,3.83,2.769,1.026,61.1,0.2835,0.0118,5.0,4.0,1.31,4.17,2.13,5.89,,1,2025,2025-03-27,6,7.0,3.98,1.75,2.23,401694922,1,2.0,2.0,0.0,4.5,-4.5
4,42409,Tarik Skubal,2.214,0.892,11.117,1.522,7.303,0.712,195.1,0.3222,0.0241,13.0,6.0,1.23,3.61,0.85,6.18,,0,2025,2025-03-27,19,3.01,2.0,1.08,0.92,401694922,1,3.985,3.985,4.5,0.0,4.5
7,39910,Zac Gallen,4.828,1.26,8.203,3.094,2.652,0.797,192.0,0.2153,0.0381,13.0,15.0,2.68,4.58,1.72,4.56,,1,2025,2025-03-28,16,6.5,0.52,2.09,-1.57,401694921,0,2.008,2.008,2.0,1.0,1.0
3,41022,Justin Steele,4.865,1.171,8.514,2.027,4.2,0.711,22.2,0.2283,0.0543,3.0,1.0,2.7,4.73,1.13,4.73,,0,2025,2025-03-28,29,5.0,2.01,2.56,-0.55,401694921,1,0.516,0.516,1.0,2.0,-1.0
1,41221,Logan Gilbert,3.435,1.031,11.885,2.13,5.581,0.662,131.0,0.3234,0.0374,6.0,6.0,1.91,3.97,1.18,6.6,,1,2025,2025-03-28,11,2.0,0.5,1.31,-0.81,401694923,0,1.5,1.5,2.42,2.5,-0.08
0,33263,Luis Severino,4.55,1.307,6.88,2.774,2.48,0.722,162.2,0.1759,0.0227,8.0,11.0,2.53,4.99,1.54,3.82,,0,2025,2025-03-28,12,2.51,1.5,2.23,-0.73,401694923,0,0.498,0.498,2.5,2.42,0.08
2,4208281,Ryan Pepiot,3.876,1.166,8.989,3.283,2.738,0.632,167.2,0.2459,0.0383,11.0,12.0,2.15,4.01,1.82,4.99,,1,2025,2025-03-28,27,3.5,1.0,1.7,-0.7,401694910,0,1.002,1.002,0.5,1.0,-0.5
0,33839,Kyle Freeland,4.994,1.424,6.88,2.109,3.263,0.712,162.2,0.1749,0.031,5.0,17.0,2.77,5.95,1.17,3.82,,0,2025,2025-03-28,30,3.0,1.0,2.33,-1.33,401694910,1,0.998,0.998,1.0,0.5,0.5
2,32667,Kevin Gausman,3.591,1.062,8.813,2.332,3.78,0.595,193.0,0.2439,0.0271,10.0,11.0,1.99,4.02,1.3,4.9,,1,2025,2025-03-28,1,4.0,3.5,2.3,1.2,401694924,0,4.498,4.498,3.214,2.929,0.285
5,29155,Charlie Morton,5.831,1.577,9.444,4.563,2.069,0.797,142.0,0.2278,0.0352,9.0,11.0,3.24,5.35,2.54,5.25,,0,2025,2025-03-28,14,5.01,4.5,3.84,0.66,401694924,0,3.5,3.5,2.929,3.214,-0.285
4,5201596,Connor Gillispie,8.654,1.654,7.962,3.808,2.091,0.63,26.0,0.187,0.0488,0,3.0,4.81,6.15,2.12,4.42,,1,2025,2025-03-28,23,4.0,1.0,4.36,-3.36,401694925,0,1.506,1.506,1.071,1.0,0.071
1,33722,Mitch Keller,4.191,1.261,7.666,2.606,2.941,0.796,176.1,0.2003,0.028,6.0,15.0,2.33,4.86,1.45,4.26,,0,2025,2025-03-28,28,3.0,1.51,2.03,-0.52,401694925,0,1.0,1.0,1.0,1.071,-0.071
1,4622181,Jack Leiter,3.869,1.283,8.81,3.988,2.209,0.608,151.2,0.2291,0.0279,10.0,10.0,2.15,4.2,2.22,4.89,,1,2025,2025-03-29,2,3.5,2.5,2.15,0.35,401694926,0,1.002,1.002,5.714,2.0,3.714
2,41009,Tanner Houck,8.125,1.713,6.667,3.542,1.882,0.961,43.2,0.1576,0.0493,0,3.0,4.51,6.6,1.97,3.7,,0,2025,2025-03-29,13,2.5,1.0,4.06,-3.06,401694926,0,2.498,2.498,2.0,5.714,-3.714
3,4717803,Hunter Brown,2.431,1.026,10.016,2.771,3.614,0.929,185.1,0.2826,0.0233,12.0,9.0,1.35,3.59,1.54,5.56,,1,2025,2025-03-29,21,2.0,1.01,0.9,0.11,401744558,0,0.012,0.012,3.714,0.214,3.5
1,3332018,Tylor Megill,3.965,1.366,11.762,4.361,2.697,0.692,68.1,0.2918,0.0197,5.0,5.0,2.2,4.41,2.42,6.53,,0,2025,2025-03-29,18,1.01,0.01,1.46,-1.45,401744558,0,1.008,1.008,0.214,3.714,-3.5
3,34943,Dylan Cease,4.554,1.327,11.518,3.804,3.028,0.595,168.0,0.2978,0.0291,8.0,12.0,2.53,4.52,2.11,6.4,,1,2025,2025-03-29,15,1.03,0.02,1.79,-1.77,401694927,0,0.027,0.027,1.214,3.857,-2.643
3,33860,Reynaldo Lopez,5.4,2.2,1.8,3.6,0.5,0.692,5.0,0.04,0.04,0,0,3.0,9.0,2.0,1.0,,0,2025,2025-03-29,25,0.03,0.03,2.26,-2.23,401694927,0,0.023,0.023,3.857,1.214,2.643
1,32968,Merrill Kelly,3.522,1.114,8.168,2.348,3.479,0.776,184.0,0.2233,0.0307,12.0,9.0,1.96,4.27,1.3,4.54,,1,2025,2025-03-29,16,6.5,0.52,1.36,-0.84,401694928,0,2.008,2.008,2.357,1.143,1.214
6,31258,Jameson Taillon,3.692,1.06,6.827,1.881,3.63,0.521,129.2,0.1888,0.0462,11.0,7.0,2.05,4.26,1.04,3.79,,0,2025,2025-03-29,29,5.0,2.01,1.9,0.11,401694928,0,0.516,0.516,1.143,2.357,-1.214
2,35124,Luis Castillo,3.546,1.188,8.091,2.297,3.522,0.699,180.2,0.2174,0.0309,11.0,8.0,1.97,4.66,1.28,4.5,,1,2025,2025-03-29,11,2.0,0.5,1.37,-0.87,401694930,0,1.5,1.5,1.0,2.5,-1.5
0,35397,Jeffrey Springs,4.105,1.211,7.263,2.842,2.556,0.467,171.0,0.1935,0.0393,11.0,11.0,2.28,4.47,1.58,4.04,,0,2025,2025-03-29,12,2.51,1.5,1.98,-0.48,401694930,1,0.498,0.498,2.5,1.0,1.5
2,4872587,Yoshinobu Yamamoto,2.494,0.993,10.445,3.066,3.407,1.159,173.2,0.2939,0.0205,12.0,8.0,1.39,3.26,1.7,5.8,,1,2025,2025-03-29,6,7.0,3.98,1.83,2.15,401694929,0,2.0,2.0,0.143,4.214,-4.071
0,33837,Jack Flaherty,4.64,1.28,10.509,3.298,3.186,0.589,161.0,0.2761,0.0338,8.0,15.0,2.58,4.57,1.83,5.84,,0,2025,2025-03-29,19,3.01,2.0,2.43,-0.43,401694929,0,3.985,3.985,4.214,0.143,4.071
6,32685,Max Fried,2.86,1.102,8.719,2.353,3.706,1.111,195.1,0.236,0.0175,19.0,5.0,1.59,4.2,1.31,4.84,,1,2025,2025-03-29,8,12.0,5.03,2.35,2.68,401694933,1,3.004,3.004,2.857,3.857,-1.0
16,36480,Nestor Cortes,6.334,1.642,7.654,5.279,1.45,0.493,34.1,0.1847,0.0828,2.0,4.0,3.52,5.28,2.93,4.25,,0,2025,2025-03-29,10,3.02,3.0,3.67,-0.67,401694933,1,5.031,5.031,3.857,2.857,1.0
0,4620398,Jonathan Cannon,5.843,1.492,7.5,3.314,2.263,0.603,103.2,0.1845,0.0408,4.0,10.0,3.25,5.62,1.84,4.17,,1,2025,2025-03-29,3,2.02,2.0,3.09,-1.09,401694937,0,1.985,1.985,5.571,1.143,4.428
0,40973,Jose Soriano,4.26,1.396,8.095,4.154,1.949,1.94,169.0,0.2099,0.0166,10.0,11.0,2.37,4.67,2.31,4.5,,0,2025,2025-03-29,4,2.98,1.98,2.21,-0.23,401694937,0,1.996,1.996,1.143,5.571,-4.428
1,33793,Erick Fedde,5.489,1.518,5.298,4.277,1.239,0.728,141.0,0.1332,0.0305,4.0,13.0,3.05,5.21,2.38,2.94,,1,2025,2025-03-29,9,7.0,4.5,3.65,0.85,401694940,0,1.501,1.501,1.0,1.0,0.0
1,42450,Joe Ryan,3.421,1.035,10.211,2.053,4.974,0.586,171.0,0.2816,0.0377,13.0,10.0,1.9,4.04,1.14,5.67,,0,2025,2025-03-29,24,1.5,1.5,1.6,-0.1,401694940,0,4.499,4.499,1.0,1.0,0.0
8,28976,Max Scherzer,5.188,1.294,8.682,2.435,3.565,0.379,85.0,0.2291,0.0531,5.0,5.0,2.88,5.12,1.35,4.82,,1,2025,2025-03-29,1,4.0,3.5,3.18,0.32,401694931,0,4.498,4.498,8.0,5.0,3.0
5,38295,Dean Kremer,4.206,1.215,7.465,2.366,3.156,0.671,171.2,0.2006,0.0311,11.0,10.0,2.34,4.76,1.31,4.15,,0,2025,2025-03-29,14,5.01,4.5,2.94,1.56,401694931,0,3.5,3.5,5.0,8.0,-3.0
2,41290,Jake Irvin,5.7,1.428,6.2,3.1,2.0,0.951,180.0,0.1576,0.0483,9.0,13.0,3.17,5.42,1.72,3.44,,1,2025,2025-03-29,22,5.5,2.5,3.17,-0.67,401694934,0,0.998,0.998,2.0,2.0,0.0
2,39667,Jesus Luzardo,3.93,1.223,10.611,2.8,3.789,0.746,183.2,0.285,0.0211,15.0,7.0,2.18,4.56,1.56,5.9,,0,2025,2025-03-29,20,6.0,1.0,1.73,-0.73,401694934,1,2.497,2.497,2.0,2.0,0.0
1,36052,Zack Littell,3.818,1.106,6.284,1.547,4.062,0.687,186.2,0.1713,0.0474,10.0,8.0,2.12,4.67,0.86,3.49,,1,2025,2025-03-29,27,3.5,1.0,1.67,-0.67,401694932,0,1.002,1.002,1.0,0.0,1.0
0,33750,Antonio Senzatela,6.646,1.838,5.054,3.254,1.553,0.798,130.0,0.1181,0.0356,4.0,15.0,3.69,7.38,1.81,2.81,,0,2025,2025-03-29,30,3.0,1.0,3.24,-2.24,401694932,0,0.998,0.998,0.0,1.0,-1.0
1,5216700,Valente Bellozo,4.661,1.332,5.993,2.552,2.348,0.47,81.1,0.1552,0.0431,1.0,4.0,2.59,5.24,1.42,3.33,,1,2025,2025-03-29,23,4.0,1.0,2.14,-1.14,401694935,0,1.506,1.506,1.0,1.0,0.0
1,4705677,Bailey Falter,4.46,1.287,5.827,3.309,1.761,0.566,125.1,0.1564,0.0367,7.0,7.0,2.48,4.6,1.84,3.24,,0,2025,2025-03-29,28,3.0,1.51,2.18,-0.67,401694935,1,1.0,1.0,1.0,1.0,0.0
2,42433,Nick Lodolo,3.342,1.082,8.988,1.786,5.032,0.804,156.2,0.243,0.0343,9.0,8.0,1.86,4.42,0.99,4.99,,1,2025,2025-03-29,26,3.0,1.0,1.41,-0.41,401694936,1,1.501,1.501,2.0,2.0,0.0
2,6341,Justin Verlander,3.849,1.362,8.112,3.079,2.635,0.551,152.0,0.2069,0.0242,4.0,11.0,2.14,5.1,1.71,4.51,,0,2025,2025-03-29,17,4.0,1.5,1.84,-0.34,401694936,0,1.004,1.004,2.0,2.0,0.0
3,34873,Seth Lugo,4.156,1.296,7.753,3.411,2.273,0.647,145.1,0.2046,0.0442,8.0,7.0,2.31,4.58,1.9,4.31,,1,2025,2025-03-29,5,3.0,0.5,1.71,-1.21,401694939,0,2.998,2.998,3.0,1.0,2.0
1,4345076,Gavin Williams,3.068,1.274,9.312,4.468,2.084,0.854,167.2,0.2457,0.0327,12.0,5.0,1.7,3.89,2.48,5.17,,0,2025,2025-03-29,7,4.5,3.0,1.85,1.15,401694939,0,0.505,0.505,1.0,3.0,-2.0
2,34973,Tyler Mahle,2.193,1.137,6.891,3.028,2.276,0.63,86.2,0.1908,0.0145,6.0,4.0,1.22,4.0,1.68,3.83,,1,2025,2025-03-29,2,3.5,2.5,1.22,1.28,401694938,0,1.002,1.002,2.0,4.0,-2.0
4,39251,Walker Buehler,4.929,1.516,6.571,4.357,1.508,0.739,126.0,0.1628,0.0389,10.0,7.0,2.74,5.16,2.42,3.65,,0,2025,2025-03-29,13,2.5,1.0,2.29,-1.29,401694938,0,2.498,2.498,4.0,2.0,2.0
0,4726080,Spencer Arrighetti,5.385,1.425,7.949,5.128,1.55,0.619,35.1,0.1987,0.0385,1.0,5.0,2.99,4.27,2.85,4.42,,1,2025,2025-03-29,21,2.0,1.01,2.54,-1.53,401694941,0,0.012,0.012,0.0,1.0,-1.0
1,41065,Griffin Canning,3.784,1.38,8.279,4.139,2.0,1.065,76.1,0.2134,0.0244,7.0,3.0,2.1,4.6,2.3,4.6,,0,2025,2025-03-29,18,1.01,0.01,1.36,-1.35,401694941,0,1.008,1.008,1.0,0.0,1.0
0,4722847,Randy Vasquez,3.851,1.329,5.27,3.514,1.5,0.672,133.2,0.1368,0.0281,6.0,7.0,2.14,4.69,1.95,2.93,,1,2025,2025-03-29,15,1.03,0.02,1.4,-1.38,401694942,0,0.027,0.027,0.0,0.0,0.0
0,4424862,Spencer Schwellenbach,3.103,0.971,8.82,1.47,6.0,0.901,110.2,0.2488,0.03,7.0,4.0,1.72,4.04,0.82,4.9,,0,2025,2025-03-29,25,0.03,0.03,0.98,-0.95,401694942,0,0.023,0.023,0.0,0.0,0.0
3,4721302,Brandon Pfaadt,5.261,1.334,7.509,1.89,3.973,0.733,176.2,0.1917,0.0339,13.0,9.0,2.92,5.62,1.05,4.17,,1,2025,2025-03-30,16,6.5,0.52,2.33,-1.81,401694943,0,2.008,2.008,2.0,0.5,1.5
1,5134630,Shota Imanaga,3.745,0.992,7.302,1.623,4.5,0.429,144.2,0.2063,0.0547,9.0,8.0,2.08,4.06,0.9,4.06,,0,2025,2025-03-30,29,5.0,2.01,1.93,0.08,401694943,1,0.516,0.516,0.5,2.0,-1.5
2,5134638,Roki Sasaki,4.488,1.44,6.981,5.485,1.273,0.636,36.1,0.1739,0.0373,1.0,1.0,2.49,4.16,3.05,3.88,,1,2025,2025-03-30,6,7.0,3.98,2.94,1.04,401694944,0,2.0,2.0,2.0,4.0,-2.0
4,4734319,Reese Olson,3.167,1.217,8.578,3.299,2.6,0.759,68.2,0.2281,0.0175,4.0,4.0,1.76,4.25,1.83,4.77,,0,2025,2025-03-30,19,3.01,2.0,1.61,0.39,401694944,0,3.985,3.985,4.0,2.0,2.0
2,4654313,Bryce Miller,5.694,1.41,7.392,3.396,2.176,0.647,90.1,0.1888,0.0434,4.0,6.0,3.16,5.16,1.89,4.11,,1,2025,2025-03-30,11,2.0,0.5,2.56,-2.06,401694945,0,1.5,1.5,1.5,0.5,1.0
1,5132624,Osvaldo Bido,5.909,1.616,7.727,3.977,1.943,0.443,79.2,0.1873,0.0523,2.0,5.0,3.28,5.87,2.21,4.29,,0,2025,2025-03-30,12,2.51,1.5,2.98,-1.48,401694945,0,0.498,0.498,0.5,1.5,-1.0
3,32815,Marcus Stroman,6.231,1.538,6.0,3.692,1.625,0.926,39.0,0.1486,0.0343,3.0,2.0,3.46,5.64,2.05,3.33,,1,2025,2025-03-30,8,12.0,5.03,4.22,0.81,401694948,0,3.004,3.004,3.0,5.0,-2.0
5,40934,Aaron Civale,4.853,1.265,7.765,2.912,2.667,0.535,102.0,0.2023,0.0368,4.0,9.0,2.7,4.71,1.62,4.31,,0,2025,2025-03-30,10,3.02,3.0,2.85,0.15,401694948,0,5.031,5.031,5.0,3.0,2.0
0,4683356,Mitchell Parker,5.7,1.437,5.646,3.179,1.776,0.605,164.2,0.1421,0.0345,9.0,16.0,3.17,5.42,1.77,3.14,,1,2025,2025-03-30,22,5.5,2.5,3.17,-0.67,401694949,1,0.998,0.998,0.0,3.0,-3.0
3,33709,Aaron Nola,6.026,1.35,9.277,2.678,3.464,0.752,94.1,0.2401,0.0446,5.0,10.0,3.35,5.26,1.49,5.15,,0,2025,2025-03-30,20,6.0,1.0,2.9,-1.9,401694949,0,2.497,2.497,3.0,0.0,3.0
1,33148,Chris Bassitt,3.968,1.329,8.783,2.751,3.192,0.857,170.1,0.2255,0.0299,11.0,9.0,2.2,5.11,1.53,4.88,,1,2025,2025-03-30,1,4.0,3.5,2.5,1.0,401694946,0,4.498,4.498,1.0,2.0,-1.0
2,4142423,Tomoyuki Sugano,4.643,1.331,6.076,2.064,2.944,0.688,157.0,0.157,0.0489,10.0,10.0,2.58,5.51,1.15,3.38,,0,2025,2025-03-30,14,5.01,4.5,3.18,1.32,401694946,0,3.5,3.5,2.0,1.0,1.0
1,42480,Taj Bradley,5.063,1.315,8.038,3.544,2.268,0.764,142.2,0.2099,0.0314,6.0,8.0,2.81,4.61,1.97,4.47,,1,2025,2025-03-30,27,3.5,1.0,2.36,-1.36,401694947,0,1.002,1.002,1.0,2.0,-1.0
2,4019484,Ryan Feltner,4.784,1.495,7.475,3.588,2.083,0.922,30.1,0.1852,0.0296,0,2.0,2.66,5.48,1.99,4.15,,0,2025,2025-03-30,30,3.0,1.0,2.21,-1.21,401694947,0,0.998,0.998,2.0,1.0,1.0
2,4345164,Max Meyer,4.766,1.433,9.533,2.804,3.4,0.99,64.2,0.2386,0.0421,3.0,5.0,2.65,5.61,1.56,5.3,,1,2025,2025-03-30,23,4.0,1.0,2.2,-1.2,401694950,0,1.506,1.506,2.0,1.0,1.0
1,32672,Andrew Heaney,5.528,1.384,6.339,2.948,2.15,0.61,122.1,0.1604,0.0466,5.0,10.0,3.07,5.28,1.64,3.52,,0,2025,2025-03-30,28,3.0,1.51,2.77,-1.26,401694950,1,1.0,1.0,1.0,2.0,-1.0
1,33372,Nick Martinez,4.467,1.211,6.32,2.288,2.762,0.648,165.2,0.1698,0.0322,11.0,14.0,2.48,4.78,1.27,3.51,,1,2025,2025-03-30,26,3.0,1.0,2.03,-1.03,401694951,0,1.501,1.501,1.0,0.0,1.0
0,32175,Robbie Ray,3.657,1.214,9.193,3.608,2.548,0.577,182.1,0.2464,0.0291,11.0,8.0,2.03,4.06,2.0,5.11,,0,2025,2025-03-30,17,4.0,1.5,1.73,-0.23,401694951,1,1.004,1.004,0.0,1.0,-1.0
2,42823,Davis Martin,4.114,1.294,6.582,3.038,2.167,0.849,142.2,0.173,0.0333,7.0,10.0,2.29,4.78,1.69,3.66,,1,2025,2025-03-30,3,2.02,2.0,2.13,-0.13,401694952,0,1.985,1.985,2.0,2.0,0.0
2,4917819,Jack Kochanowicz,6.811,1.748,5.838,4.703,1.241,1.107,111.0,0.1406,0.041,3.0,11.0,3.78,6.13,2.61,3.24,,0,2025,2025-03-30,4,2.98,1.98,3.63,-1.65,401694952,0,1.996,1.996,2.0,2.0,0.0
3,32640,Michael Wacha,3.868,1.225,6.585,2.352,2.8,0.607,172.2,0.176,0.0209,10.0,13.0,2.15,4.82,1.31,3.66,,1,2025,2025-03-30,5,3.0,0.5,1.55,-1.05,401694954,0,2.998,2.998,3.0,0.0,3.0
0,4345278,Tanner Bibee,4.25,1.23,8.007,2.669,3.0,0.829,182.1,0.2126,0.0354,12.0,11.0,2.36,4.67,1.48,4.45,,0,2025,2025-03-30,7,4.5,3.0,2.51,0.49,401694954,0,0.505,0.505,0.0,3.0,-3.0
2,4109034,Andre Pallante,5.327,1.449,6.159,3.44,1.79,1.486,162.2,0.1552,0.0294,6.0,15.0,2.96,5.33,1.91,3.42,,1,2025,2025-03-30,9,7.0,4.5,3.56,0.94,401694955,0,1.501,1.501,2.0,8.0,-6.0
8,3107919,Bailey Ober,5.113,1.3,7.392,1.91,3.871,0.44,146.1,0.1923,0.0481,6.0,9.0,2.84,5.44,1.06,4.11,,0,2025,2025-03-30,24,1.5,1.5,2.54,-1.04,401694955,0,4.499,4.499,8.0,2.0,6.0
0,32796,Jacob deGrom,2.979,0.923,9.669,1.934,5.0,0.615,172.2,0.2765,0.0389,12.0,8.0,1.66,3.54,1.07,5.37,,1,2025,2025-03-30,2,3.5,2.5,1.65,0.85,401694953,0,1.002,1.002,0.0,1.0,-1.0
1,4414243,Richard Fitts,5.0,1.311,8.0,3.2,2.5,0.763,45.0,0.2051,0.0564,2.0,4.0,2.78,4.78,1.78,4.44,,0,2025,2025-03-30,13,2.5,1.0,2.33,-1.33,401694953,0,2.498,2.498,1.0,0.0,1.0
1,32675,Eduardo Rodriguez,5.023,1.544,8.352,3.504,2.383,0.635,154.1,0.2061,0.036,9.0,9.0,2.79,5.78,1.95,4.64,,1,2025,2025-03-30,16,6.5,0.52,2.2,-1.68,401694958,1,2.008,2.008,2.0,0.5,1.5
0,34401,Matthew Boyd,3.214,1.094,7.734,2.109,3.667,0.639,179.2,0.2145,0.0265,14.0,8.0,1.79,4.3,1.17,4.3,,0,2025,2025-03-30,29,5.0,2.01,1.64,0.37,401694958,1,0.516,0.516,0.5,2.0,-1.5
1,4629089,Bryan Woo,2.948,0.929,9.57,1.74,5.5,0.706,186.2,0.2709,0.0356,15.0,7.0,1.64,3.68,0.97,5.32,,1,2025,2025-03-30,11,2.0,0.5,1.04,-0.54,401694959,0,1.5,1.5,1.5,0.5,1.0
0,39818,JP Sears,5.059,1.324,7.788,2.396,3.25,0.432,135.2,0.2007,0.0515,9.0,11.0,2.81,5.29,1.33,4.33,,0,2025,2025-03-30,12,2.51,1.5,2.51,-1.01,401694959,1,0.498,0.498,0.5,1.5,-1.0
