first_5_runs_allowed,pitcher_id,pitcher_name,pitcher_era,pitcher_whip,pitcher_k9,pitcher_bb9,pitcher_kbb,pitcher_gbfb,pitcher_ip,pitcher_k_pct,pitcher_exp_er_5ip,pitcher_exp_h_5ip,pitcher_exp_bb_5ip,pitcher_exp_k_5ip,pitcher_days_rest,is_home,year,date,opp_avg_runs_allowed,opp_avg_first5_allowed,predicted_f5,edge_vs_opp,is_lhp,game_key
1,32081,Gerrit Cole,3.23,1.06,12.076,2.038,5.927,0.746,181.1,0.3347,1.79,4.17,1.13,6.71,4,1,2021,2021-04-01,1.02,1.01,1.35,-0.34,0,2021-04-01|New York Yankees|Toronto Blue Jays
2,32582,Hyun Jin Ryu,4.367,1.225,7.615,1.97,3.865,0.894,169.0,0.204,2.43,5.03,1.09,4.23,4,0,2021,2021-04-01,3.0,2.99,2.57,0.42,1,2021-04-01|New York Yankees|Toronto Blue Jays
0,34401,Matthew Boyd,3.913,1.279,7.711,2.647,2.913,0.655,78.2,0.1988,2.17,4.92,1.47,4.28,4,1,2021,2021-04-01,3.01,3.0,2.32,0.68,1,2021-04-01|Detroit Tigers|Cleveland Indians
3,40912,Shane Bieber,3.181,1.216,12.536,3.087,4.061,0.814,96.2,0.3309,1.77,4.37,1.72,6.96,4,0,2021,2021-04-01,8.95,1.0,1.32,-0.32,0,2021-04-01|Detroit Tigers|Cleveland Indians
0,31174,Nathan Eovaldi,3.756,1.192,9.638,1.73,5.571,0.739,182.1,0.2552,2.09,5.0,0.96,5.35,4,1,2021,2021-04-01,2.97,1.98,1.93,0.06,0,2021-04-01|Boston Red Sox|Baltimore Orioles
0,39948,John Means,3.632,1.033,8.249,1.601,5.154,0.5,146.2,0.2271,2.02,4.27,0.89,4.58,4,0,2021,2021-04-01,10.9,9.9,4.24,5.66,1,2021-04-01|Boston Red Sox|Baltimore Orioles
3,37515,Brandon Woodruff,2.563,0.966,10.603,2.161,4.907,0.767,179.1,0.298,1.42,3.63,1.2,5.89,4,1,2021,2021-04-01,1.01,0.5,0.82,-0.32,0,2021-04-01|Milwaukee Brewers|Minnesota Twins
2,34892,Kenta Maeda,4.665,1.301,9.585,2.714,3.531,0.667,106.1,0.2494,2.59,5.0,1.51,5.33,4,0,2021,2021-04-01,5.0,1.0,2.14,-1.14,0,2021-04-01|Milwaukee Brewers|Minnesota Twins
4,33173,Kyle Hendricks,4.773,1.348,6.514,2.188,2.977,0.804,181.0,0.1669,2.65,5.52,1.22,3.62,4,1,2021,2021-04-01,4.5,3.0,2.8,0.2,0,2021-04-01|Chicago Cubs|Pittsburgh Pirates
2,35021,Chad Kuhl,4.831,1.436,8.427,4.719,1.786,0.828,80.1,0.2149,2.68,4.56,2.62,4.68,4,0,2021,2021-04-01,2.01,0.51,2.09,-1.58,0,2021-04-01|Chicago Cubs|Pittsburgh Pirates
0,33709,Aaron Nola,4.645,1.132,11.138,1.948,5.718,0.713,180.2,0.2977,2.58,4.58,1.08,6.19,4,1,2021,2021-04-01,3.0,2.0,2.43,-0.43,0,2021-04-01|Philadelphia Phillies|Atlanta Braves
2,32685,Max Fried,3.051,1.09,8.608,2.234,3.854,1.164,165.2,0.2369,1.69,4.21,1.24,4.78,4,0,2021,2021-04-01,0.5,0.0,1.7,0.8,1,2021-04-01|Philadelphia Phillies|Atlanta Braves
7,32055,Yu Darvish,4.226,1.096,10.783,2.384,4.523,0.61,166.1,0.2922,2.35,4.15,1.32,5.99,4,1,2021,2021-04-01,4.01,2.51,2.35,0.16,0,2021-04-01|San Diego Padres|Arizona Diamondbacks
6,29949,Madison Bumgarner,4.682,1.184,7.639,2.402,3.179,0.514,146.1,0.2023,2.6,4.59,1.33,4.24,4,0,2021,2021-04-01,1.51,1.51,2.3,-0.79,1,2021-04-01|San Diego Padres|Arizona Diamondbacks
2,34874,German Marquez,4.4,1.272,8.8,3.2,2.75,1.12,180.0,0.2328,2.44,4.58,1.78,4.89,4,1,2021,2021-04-01,3.51,1.0,2.0,-1.0,0,2021-04-01|Colorado Rockies|Los Angeles Dodgers
4,28963,Clayton Kershaw,3.564,1.023,10.693,1.559,6.857,1.019,121.2,0.2951,1.98,4.25,0.87,5.94,4,0,2021,2021-04-01,5.01,1.51,1.68,-0.17,1,2021-04-01|Colorado Rockies|Los Angeles Dodgers
11,35124,Luis Castillo,3.99,1.368,9.231,3.606,2.56,1.372,187.2,0.2391,2.22,4.83,2.0,5.13,4,1,2021,2021-04-01,10.49,6.0,3.27,2.73,0,2021-04-01|Cincinnati Reds|St. Louis Cardinals
6,33837,Jack Flaherty,3.227,1.063,9.795,2.996,3.269,0.667,78.1,0.264,1.79,3.65,1.66,5.44,4,0,2021,2021-04-01,3.52,1.52,1.5,0.02,0,2021-04-01|Cincinnati Reds|St. Louis Cardinals
0,35241,Sandy Alcantara,3.202,1.077,8.816,2.193,4.02,1.165,205.2,0.2401,1.78,4.17,1.22,4.9,4,1,2021,2021-04-01,11.92,5.95,2.82,3.13,0,2021-04-01|Miami Marlins|Tampa Bay Rays
0,33190,Tyler Glasnow,2.659,0.932,12.58,2.761,4.556,0.827,88.0,0.3618,1.48,3.12,1.53,6.99,4,0,2021,2021-04-01,6.97,5.95,2.51,3.44,0,2021-04-01|Miami Marlins|Tampa Bay Rays
8,35292,Brad Keller,5.405,1.667,8.108,4.324,1.875,0.963,133.2,0.1958,3.0,5.93,2.4,4.5,4,1,2021,2021-04-01,7.01,1.52,2.71,-1.19,0,2021-04-01|Kansas City Royals|Texas Rangers
10,31053,Kyle Gibson,3.709,1.22,7.665,3.165,2.422,1.1,182.0,0.2056,2.06,4.34,1.76,4.26,4,0,2021,2021-04-01,5.51,5.01,2.81,2.2,0,2021-04-01|Kansas City Royals|Texas Rangers
3,32094,Dylan Bundy,6.086,1.364,8.381,3.392,2.471,0.706,90.2,0.2116,3.38,4.93,1.88,4.66,4,1,2021,2021-04-02,6.0,3.0,3.53,-0.53,0,2021-04-02|Los Angeles Angels|Chicago White Sox
2,32697,Lucas Giolito,3.535,1.105,10.152,2.626,3.865,0.52,178.2,0.2792,1.96,4.07,1.46,5.64,4,0,2021,2021-04-02,3.52,2.51,1.97,0.54,0,2021-04-02|Los Angeles Angels|Chicago White Sox
1,33148,Chris Bassitt,3.151,1.057,9.109,2.234,4.077,0.726,157.1,0.2496,1.75,4.04,1.24,5.06,4,1,2021,2021-04-02,1.51,1.5,1.45,0.05,0,2021-04-02|Oakland Athletics|Houston Astros
0,5883,Zack Greinke,4.158,1.17,6.316,1.895,3.333,0.84,171.0,0.1722,2.31,4.8,1.05,3.51,4,0,2021,2021-04-02,9.0,4.99,3.06,1.93,0,2021-04-02|Oakland Athletics|Houston Astros
5,33158,Marco Gonzales,3.962,1.167,6.792,2.642,2.571,0.514,143.1,0.1846,2.2,4.37,1.47,3.77,4,1,2021,2021-04-02,4.01,2.99,2.35,0.64,1,2021-04-02|Seattle Mariners|San Francisco Giants
0,32667,Kevin Gausman,2.812,1.042,10.641,2.344,4.54,0.901,192.0,0.2929,1.56,3.91,1.3,5.91,4,0,2021,2021-04-02,0.05,0.02,0.82,-0.8,0,2021-04-02|Seattle Mariners|San Francisco Giants
0,31174,Nathan Eovaldi,3.756,1.192,9.638,1.73,5.571,0.739,182.1,0.2552,2.09,5.0,0.96,5.35,1,1,2021,2021-04-02,2.97,1.98,1.93,0.06,0,2021-04-02|Boston Red Sox|Baltimore Orioles
0,39948,John Means,3.632,1.033,8.249,1.601,5.154,0.5,146.2,0.2271,2.02,4.27,0.89,4.58,1,0,2021,2021-04-02,10.9,9.9,4.24,5.66,1,2021-04-02|Boston Red Sox|Baltimore Orioles
0,39671,Pablo Lopez,3.082,1.125,10.127,2.29,4.423,0.888,102.2,0.2751,1.71,4.35,1.27,5.63,4,1,2021,2021-04-02,11.92,5.95,2.75,3.2,0,2021-04-02|Miami Marlins|Tampa Bay Rays
0,33735,Ryan Yarbrough,5.11,1.226,6.794,1.568,4.333,0.577,155.0,0.1792,2.84,5.26,0.87,3.77,4,0,2021,2021-04-02,6.97,5.95,3.88,2.07,1,2021-04-02|Miami Marlins|Tampa Bay Rays
8,33750,Antonio Senzatela,4.437,1.344,6.05,1.844,3.281,1.096,156.2,0.1567,2.46,5.7,1.02,3.36,4,1,2021,2021-04-03,3.51,1.0,2.02,-1.02,0,2021-04-03|Colorado Rockies|Los Angeles Dodgers
0,32014,Trevor Bauer,2.603,1.007,11.502,3.106,3.703,0.518,107.2,0.3171,1.45,3.31,1.73,6.39,4,0,2021,2021-04-03,5.01,1.51,1.15,0.36,0,2021-04-03|Colorado Rockies|Los Angeles Dodgers
7,32672,Andrew Heaney,5.851,1.324,10.449,2.856,3.659,0.525,129.2,0.2688,3.25,5.03,1.59,5.8,4,1,2021,2021-04-03,6.0,3.0,3.4,-0.4,1,2021-04-03|Los Angeles Angels|Chicago White Sox
6,31815,Dallas Keuchel,5.278,1.531,5.278,3.278,1.61,1.214,162.0,0.1319,2.93,5.83,1.82,2.93,4,0,2021,2021-04-03,3.52,2.51,2.94,-0.43,1,2021-04-03|Los Angeles Angels|Chicago White Sox
5,39667,Jesus Luzardo,6.625,1.619,9.274,4.543,2.042,0.649,95.1,0.2243,3.68,5.57,2.52,5.15,4,1,2021,2021-04-03,1.51,1.5,3.38,-1.88,1,2021-04-03|Oakland Athletics|Houston Astros
2,41261,Cristian Javier,3.561,1.187,11.573,4.718,2.453,0.393,101.1,0.3066,1.98,3.31,2.62,6.43,4,0,2021,2021-04-03,9.0,4.99,2.73,2.26,0,2021-04-03|Oakland Athletics|Houston Astros
0,33748,Blake Snell,4.212,1.326,11.934,4.844,2.464,0.711,128.2,0.3091,2.34,3.94,2.69,6.63,4,1,2021,2021-04-03,4.01,2.51,2.34,0.17,1,2021-04-03|San Diego Padres|Arizona Diamondbacks
3,32968,Merrill Kelly,4.443,1.291,7.405,2.335,3.171,0.809,158.0,0.1949,2.47,5.16,1.3,4.11,4,0,2021,2021-04-03,1.51,1.51,2.17,-0.66,0,2021-04-03|San Diego Padres|Arizona Diamondbacks
1,41415,Yusei Kikuchi,4.414,1.318,9.344,3.554,2.629,0.991,157.0,0.2447,2.45,4.62,1.97,5.19,4,1,2021,2021-04-03,4.01,2.99,2.6,0.39,1,2021-04-03|Seattle Mariners|San Francisco Giants
3,28955,Johnny Cueto,4.098,1.375,7.723,2.364,3.267,0.697,114.2,0.2,2.28,5.56,1.31,4.29,4,0,2021,2021-04-03,0.05,0.02,1.53,-1.51,0,2021-04-03|Seattle Mariners|San Francisco Giants
2,30981,Corey Kluber,3.825,1.337,9.225,3.712,2.485,0.782,80.0,0.2405,2.12,4.62,2.06,5.12,4,1,2021,2021-04-03,1.02,1.01,1.68,-0.67,0,2021-04-03|New York Yankees|Toronto Blue Jays
3,32789,Ross Stripling,4.807,1.276,8.368,2.671,3.133,0.58,101.1,0.2181,2.67,4.9,1.48,4.65,4,0,2021,2021-04-03,3.0,2.99,2.82,0.17,0,2021-04-03|New York Yankees|Toronto Blue Jays
3,41009,Tanner Houck,3.522,1.13,11.348,2.739,4.143,0.966,69.0,0.3053,1.96,4.13,1.52,6.3,4,1,2021,2021-04-03,2.97,1.98,1.8,0.19,0,2021-04-03|Boston Red Sox|Baltimore Orioles
2,31214,Matt Harvey,6.297,1.549,6.722,2.618,2.568,0.787,127.2,0.1632,3.5,6.29,1.45,3.73,4,0,2021,2021-04-03,10.9,9.9,5.72,4.18,0,2021-04-03|Boston Red Sox|Baltimore Orioles
1,31091,Julio Teheran,1.8,1.4,5.4,5.4,1.0,0.556,5.0,0.15,1.0,4.0,3.0,3.0,4,1,2021,2021-04-03,3.01,3.0,1.15,1.85,0,2021-04-03|Detroit Tigers|Cleveland Indians
2,42169,Zach Plesac,4.684,1.203,6.329,2.152,2.941,0.81,142.2,0.1672,2.6,4.82,1.2,3.52,4,0,2021,2021-04-03,8.95,1.0,2.15,-1.15,0,2021-04-03|Detroit Tigers|Cleveland Indians
4,30624,Mike Minor,5.063,1.245,8.477,2.332,3.634,0.646,158.2,0.2227,2.81,4.93,1.3,4.71,4,1,2021,2021-04-03,7.01,1.52,2.52,-1.0,1,2021-04-03|Kansas City Royals|Texas Rangers
3,4711414,Kohei Arihara,6.716,1.443,5.373,2.91,1.846,0.713,40.2,0.1348,3.73,5.6,1.62,2.99,4,0,2021,2021-04-03,5.51,5.01,4.48,0.53,0,2021-04-03|Kansas City Royals|Texas Rangers
1,30145,Jake Arrieta,7.424,1.782,7.607,4.033,1.886,0.846,98.2,0.177,4.12,6.67,2.24,4.23,4,1,2021,2021-04-03,4.5,3.0,4.27,-1.27,0,2021-04-03|Chicago Cubs|Pittsburgh Pirates
3,32151,Tyler Anderson,4.527,1.246,7.222,2.048,3.526,0.606,167.0,0.1906,2.51,5.09,1.14,4.01,4,0,2021,2021-04-03,2.01,0.51,1.92,-1.41,1,2021-04-03|Chicago Cubs|Pittsburgh Pirates
0,31267,Zack Wheeler,2.787,1.009,10.432,1.943,5.37,1.037,213.1,0.2909,1.55,3.97,1.08,5.8,4,1,2021,2021-04-03,3.0,2.0,1.4,0.6,0,2021-04-03|Philadelphia Phillies|Atlanta Braves
3,29155,Charlie Morton,3.353,1.048,10.497,2.819,3.724,0.979,185.2,0.2857,1.86,3.67,1.57,5.83,4,0,2021,2021-04-03,0.5,0.0,1.86,0.64,0,2021-04-03|Philadelphia Phillies|Atlanta Braves
5,39869,Cole Irvin,4.245,1.331,6.317,2.122,2.976,0.628,178.1,0.1628,2.36,5.47,1.18,3.51,4,1,2021,2021-04-03,1.51,1.5,2.06,-0.56,1,2021-04-03|Oakland Athletics|Houston Astros
1,32764,Lance McCullers Jr.,3.165,1.221,10.271,4.22,2.434,1.32,162.1,0.2705,1.76,3.76,2.34,5.71,4,0,2021,2021-04-03,9.0,4.99,2.51,2.48,0,2021-04-03|Oakland Athletics|Houston Astros
2,34973,Tyler Mahle,3.75,1.233,10.5,3.2,3.281,0.786,180.0,0.2767,2.08,4.39,1.78,5.83,4,1,2021,2021-04-03,10.49,6.0,3.13,2.87,0,2021-04-03|Cincinnati Reds|St. Louis Cardinals
8,5403,Adam Wainwright,3.057,1.058,7.598,2.183,3.48,0.951,206.1,0.2101,1.7,4.08,1.21,4.22,4,0,2021,2021-04-03,3.52,1.52,1.4,0.12,0,2021-04-03|Cincinnati Reds|St. Louis Cardinals
6,39836,Elieser Hernandez,4.219,1.328,9.316,2.461,3.786,0.685,51.2,0.2356,2.34,5.27,1.37,5.18,4,1,2021,2021-04-03,11.92,5.95,3.38,2.57,0,2021-04-03|Miami Marlins|Tampa Bay Rays
6,6321,Rich Hill,3.869,1.214,8.534,3.129,2.727,0.56,158.2,0.2269,2.15,4.33,1.74,4.74,4,0,2021,2021-04-03,6.97,5.95,3.19,2.76,1,2021-04-03|Miami Marlins|Tampa Bay Rays
0,39878,Corbin Burnes,2.425,0.94,12.611,1.832,6.882,1.005,167.0,0.3562,1.35,3.68,1.02,7.01,4,1,2021,2021-04-03,1.01,0.5,0.75,-0.25,0,2021-04-03|Milwaukee Brewers|Minnesota Twins
0,32811,Jose Berrios,3.516,1.062,9.562,2.109,4.533,0.777,192.0,0.2612,1.95,4.14,1.17,5.31,4,0,2021,2021-04-03,5.0,1.0,1.5,-0.5,0,2021-04-03|Milwaukee Brewers|Minnesota Twins
0,33203,Jon Gray,4.591,1.329,9.483,3.503,2.707,0.967,149.0,0.2438,2.55,4.7,1.95,5.27,4,1,2021,2021-04-04,3.51,1.0,2.1,-1.1,0,2021-04-04|Colorado Rockies|Los Angeles Dodgers
2,39251,Walker Buehler,2.476,0.97,9.208,2.259,4.077,0.854,207.2,0.2601,1.38,3.6,1.25,5.12,4,0,2021,2021-04-04,5.01,1.51,1.08,0.43,0,2021-04-04|Colorado Rockies|Los Angeles Dodgers
0,34848,Joe Musgrove,3.181,1.082,10.088,2.684,3.759,1.069,181.1,0.2714,1.77,3.92,1.49,5.6,4,1,2021,2021-04-04,4.01,2.51,1.77,0.74,0,2021-04-04|San Diego Padres|Arizona Diamondbacks
5,36081,Caleb Smith,4.85,1.378,9.859,5.009,1.968,0.404,113.2,0.248,2.69,4.11,2.78,5.48,4,0,2021,2021-04-04,1.51,1.51,2.4,-0.89,1,2021-04-04|San Diego Padres|Arizona Diamondbacks
2,31086,Alex Cobb,3.77,1.267,9.474,3.19,2.97,1.176,93.1,0.2494,2.09,4.56,1.77,5.26,4,1,2021,2021-04-04,6.0,3.0,2.25,0.75,0,2021-04-04|Los Angeles Angels|Chicago White Sox
2,30820,Lance Lynn,2.694,1.07,10.089,2.58,3.911,0.664,157.0,0.2746,1.5,3.92,1.43,5.61,4,0,2021,2021-04-04,3.52,2.51,1.5,1.01,0,2021-04-04|Los Angeles Angels|Chicago White Sox
0,36067,Chris Flexen,3.616,1.256,6.278,2.009,3.125,0.755,179.2,0.1687,2.01,5.16,1.12,3.49,4,1,2021,2021-04-04,4.01,2.99,2.16,0.83,0,2021-04-04|Seattle Mariners|San Francisco Giants
3,41216,Logan Webb,3.038,1.107,9.602,2.188,4.389,1.644,148.1,0.2651,1.69,4.32,1.22,5.33,4,0,2021,2021-04-04,0.05,0.02,0.94,-0.92,0,2021-04-04|Seattle Mariners|San Francisco Giants
0,32804,Zach Eflin,4.192,1.255,8.47,1.369,6.188,0.77,105.2,0.224,2.33,5.51,0.76,4.71,4,1,2021,2021-04-04,3.0,2.0,2.18,-0.18,0,2021-04-04|Philadelphia Phillies|Atlanta Braves
1,40916,Ian Anderson,3.583,1.233,8.712,3.724,2.34,1.088,128.1,0.2318,1.99,4.1,2.07,4.84,4,0,2021,2021-04-04,0.5,0.0,1.99,0.51,0,2021-04-04|Philadelphia Phillies|Atlanta Braves
3,33660,Domingo German,4.587,1.182,8.991,2.477,3.63,0.758,98.1,0.239,2.55,4.54,1.38,4.99,4,1,2021,2021-04-04,1.02,1.01,2.1,-1.09,0,2021-04-04|New York Yankees|Toronto Blue Jays
1,40941,T.J. Zeuch,6.6,2.0,4.8,5.4,0.889,0.966,15.0,0.1081,3.67,7.0,3.0,2.67,4,0,2021,2021-04-04,3.0,2.99,3.81,-0.82,0,2021-04-04|New York Yankees|Toronto Blue Jays
10,30892,Garrett Richards,4.89,1.601,7.599,3.965,1.917,0.908,136.2,0.1864,2.72,5.8,2.2,4.22,4,1,2021,2021-04-04,2.97,1.98,2.56,-0.57,0,2021-04-04|Boston Red Sox|Baltimore Orioles
2,41118,Bruce Zimmermann,5.055,1.513,7.863,3.089,2.545,0.694,64.1,0.1965,2.81,5.85,1.72,4.37,4,0,2021,2021-04-04,10.9,9.9,5.03,4.87,1,2021-04-04|Boston Red Sox|Baltimore Orioles
1,42409,Tarik Skubal,4.346,1.261,9.899,2.837,3.489,0.648,149.1,0.2587,2.41,4.73,1.58,5.5,4,1,2021,2021-04-04,3.01,3.0,2.56,0.44,1,2021-04-04|Detroit Tigers|Cleveland Indians
3,40934,Aaron Civale,3.844,1.12,7.18,2.248,3.194,0.829,124.1,0.1988,2.14,4.35,1.25,3.99,4,0,2021,2021-04-04,8.95,1.0,1.68,-0.68,0,2021-04-04|Detroit Tigers|Cleveland Indians
1,33841,Jeff Hoffman,4.562,1.575,9.74,5.548,1.756,0.622,73.0,0.2358,2.53,4.79,3.08,5.41,4,1,2021,2021-04-04,10.49,6.0,3.58,2.42,0,2021-04-04|Cincinnati Reds|St. Louis Cardinals
4,31340,Carlos Martinez,6.248,1.376,6.248,3.946,1.583,1.072,82.1,0.157,3.47,4.69,2.19,3.47,4,0,2021,2021-04-04,3.52,1.52,3.18,-1.66,0,2021-04-04|Cincinnati Reds|St. Louis Cardinals
2,32157,Adrian Houser,3.23,1.281,6.65,4.053,1.641,1.53,142.1,0.1753,1.79,4.15,2.25,3.69,4,1,2021,2021-04-04,1.01,0.5,1.2,-0.7,0,2021-04-04|Milwaukee Brewers|Minnesota Twins
1,30937,Michael Pineda,3.63,1.237,7.259,1.732,4.19,0.693,109.1,0.1921,2.02,5.22,0.96,4.03,4,0,2021,2021-04-04,5.0,1.0,1.57,-0.57,0,2021-04-04|Milwaukee Brewers|Minnesota Twins
6,41172,Brady Singer,4.918,1.553,9.204,3.724,2.472,1.036,128.1,0.2235,2.73,5.7,2.07,5.11,4,1,2021,2021-04-04,7.01,1.52,2.44,-0.92,0,2021-04-04|Kansas City Royals|Texas Rangers
0,31061,Jordan Lyles,5.15,1.389,7.3,2.8,2.607,0.633,180.0,0.1899,2.86,5.39,1.56,4.06,4,0,2021,2021-04-04,5.51,5.01,3.61,1.4,0,2021-04-04|Kansas City Royals|Texas Rangers
0,33829,Zach Davies,5.777,1.601,6.932,4.561,1.52,0.785,148.0,0.1707,3.21,5.47,2.53,3.85,4,1,2021,2021-04-04,4.5,3.0,3.36,-0.36,0,2021-04-04|Chicago Cubs|Pittsburgh Pirates
3,33722,Mitch Keller,6.198,1.796,8.263,4.401,1.878,0.695,100.2,0.1957,3.44,6.54,2.45,4.59,4,0,2021,2021-04-04,2.01,0.51,2.85,-2.34,0,2021-04-04|Chicago Cubs|Pittsburgh Pirates
3,34897,Austin Gomber,4.535,1.242,8.836,3.206,2.756,0.809,115.1,0.2316,2.52,4.43,1.78,4.91,4,1,2021,2021-04-04,3.51,1.0,2.07,-1.07,1,2021-04-04|Colorado Rockies|Los Angeles Dodgers
0,33223,Julio Urias,2.964,1.021,9.476,1.847,5.132,0.735,185.2,0.2617,1.65,4.08,1.03,5.26,4,0,2021,2021-04-04,5.01,1.51,1.35,0.16,1,2021-04-04|Colorado Rockies|Los Angeles Dodgers
5,33244,Sean Manaea,3.92,1.228,9.749,2.06,4.732,0.747,179.1,0.2573,2.18,5.0,1.14,5.42,4,1,2021,2021-04-04,1.51,1.5,1.88,-0.38,1,2021-04-04|Oakland Athletics|Houston Astros
2,35759,Jose Urquidy,3.617,0.991,7.57,1.598,4.737,0.5,107.0,0.2128,2.01,4.07,0.89,4.21,4,0,2021,2021-04-04,9.0,4.99,2.76,2.23,0,2021-04-04|Oakland Athletics|Houston Astros
3,35999,Chris Paddack,5.079,1.267,8.242,1.832,4.5,0.802,108.1,0.2157,2.82,5.32,1.02,4.58,4,1,2021,2021-04-04,4.01,2.51,2.82,-0.31,0,2021-04-04|San Diego Padres|Arizona Diamondbacks
0,39905,Taylor Widener,4.365,1.455,9.372,4.75,1.973,0.542,70.1,0.2288,2.43,4.64,2.64,5.21,4,0,2021,2021-04-04,1.51,1.51,2.13,-0.62,0,2021-04-04|San Diego Padres|Arizona Diamondbacks
3,39832,Shohei Ohtani,3.182,1.091,10.792,3.044,3.545,0.867,130.1,0.2927,1.77,3.77,1.69,6.0,4,1,2021,2021-04-05,6.0,3.0,1.92,1.08,0,2021-04-05|Los Angeles Angels|Chicago White Sox
4,34943,Dylan Cease,3.923,1.253,12.312,3.705,3.324,0.528,165.2,0.3192,2.18,4.21,2.06,6.84,4,0,2021,2021-04-05,3.52,2.51,2.18,0.33,0,2021-04-05|Los Angeles Angels|Chicago White Sox
1,33173,Kyle Hendricks,4.816,1.296,7.063,2.568,2.75,0.588,84.1,0.1854,2.68,5.05,1.43,3.92,4,1,2022,2022-04-07,6.5,5.0,3.42,1.58,0,2022-04-07|Chicago Cubs|Milwaukee Brewers
3,39878,Corbin Burnes,2.941,0.965,10.827,2.272,4.765,0.907,202.0,0.3049,1.63,3.56,1.26,6.01,4,0,2022,2022-04-07,2.5,0.5,1.03,-0.53,0,2022-04-07|Chicago Cubs|Milwaukee Brewers
1,5883,Zack Greinke,3.679,1.343,4.796,1.774,2.704,0.709,137.0,0.1248,2.04,5.73,0.99,2.66,4,1,2022,2022-04-07,2.0,1.0,1.59,-0.59,0,2022-04-07|Kansas City Royals|Cleveland Guardians
1,40912,Shane Bieber,2.88,1.04,8.91,1.62,5.5,0.954,200.0,0.2503,1.6,4.3,0.9,4.95,4,0,2022,2022-04-07,8.48,6.49,2.8,3.69,0,2022-04-07|Kansas City Royals|Cleveland Guardians
0,5403,Adam Wainwright,3.719,1.287,6.731,2.542,2.648,0.777,191.2,0.1781,2.07,5.02,1.41,3.74,4,1,2022,2022-04-07,5.01,4.0,2.52,1.48,0,2022-04-07|St. Louis Cardinals|Pittsburgh Pirates
4,41460,JT Brubaker,4.688,1.465,9.188,3.375,2.722,1.25,144.0,0.2276,2.6,5.45,1.88,5.1,4,0,2022,2022-04-07,5.49,4.49,3.2,1.29,0,2022-04-07|St. Louis Cardinals|Pittsburgh Pirates
2,31313,Patrick Corbin,6.327,1.702,7.569,2.898,2.612,0.83,152.2,0.1795,3.52,6.9,1.61,4.2,4,1,2022,2022-04-07,2.0,0.5,2.92,-2.42,1,2022-04-07|Washington Nationals|New York Mets
0,3332018,Tylor Megill,5.159,1.253,9.745,2.484,3.923,0.731,47.1,0.255,2.87,4.88,1.38,5.41,4,0,2022,2022-04-07,3.51,3.0,3.02,-0.02,0,2022-04-07|Washington Nationals|New York Mets
3,32685,Max Fried,2.48,1.016,8.266,1.556,5.312,1.051,185.1,0.2319,1.38,4.21,0.86,4.59,4,1,2022,2022-04-08,2.51,2.51,1.38,1.13,1,2022-04-08|Atlanta Braves|Cincinnati Reds
1,34973,Tyler Mahle,4.418,1.223,9.434,3.22,2.93,0.573,120.2,0.2505,2.45,4.33,1.79,5.24,4,0,2022,2022-04-08,3.51,3.0,2.6,0.4,0,2022-04-08|Atlanta Braves|Cincinnati Reds
1,39832,Shohei Ohtani,2.331,1.012,11.873,2.386,4.977,0.721,166.0,0.3318,1.3,3.73,1.33,6.6,4,1,2022,2022-04-08,1.51,1.0,0.84,0.16,0,2022-04-08|Los Angeles Angels|Houston Astros
0,36581,Framber Valdez,2.819,1.159,8.682,2.999,2.896,2.066,201.1,0.2346,1.57,4.13,1.67,4.82,4,0,2022,2022-04-08,2.02,1.0,1.12,-0.12,1,2022-04-08|Los Angeles Angels|Houston Astros
2,29949,Madison Bumgarner,4.893,1.441,6.372,2.788,2.286,0.605,158.2,0.1605,2.72,5.66,1.55,3.54,4,1,2022,2022-04-08,2.0,0.99,2.27,-1.28,1,2022-04-08|Arizona Diamondbacks|San Diego Padres
0,32055,Yu Darvish,3.105,0.953,9.13,1.715,5.324,0.625,194.2,0.2555,1.73,3.81,0.95,5.07,4,0,2022,2022-04-08,4.98,1.99,1.57,0.42,0,2022-04-08|Arizona Diamondbacks|San Diego Padres
3,32081,Gerrit Cole,3.506,1.019,11.553,2.248,5.14,0.725,200.2,0.3241,1.95,3.85,1.25,6.42,4,1,2022,2022-04-08,4.01,2.0,1.8,0.2,0,2022-04-08|New York Yankees|Boston Red Sox
3,31174,Nathan Eovaldi,3.877,1.237,8.497,1.65,5.15,0.92,109.1,0.2239,2.15,5.27,0.92,4.72,4,0,2022,2022-04-08,2.01,2.0,2.01,-0.01,0,2022-04-08|New York Yankees|Boston Red Sox
3,32675,Eduardo Rodriguez,4.055,1.33,7.121,3.363,2.118,0.791,91.0,0.1841,2.25,4.78,1.87,3.96,4,1,2022,2022-04-08,1.02,0.99,1.8,-0.81,1,2022-04-08|Detroit Tigers|Chicago White Sox
0,32697,Lucas Giolito,4.913,1.439,9.882,3.406,2.902,0.64,161.2,0.2536,2.73,5.3,1.89,5.49,4,0,2022,2022-04-08,9.96,4.98,3.47,1.51,0,2022-04-08|Detroit Tigers|Chicago White Sox
1,33709,Aaron Nola,3.249,0.961,10.317,1.273,8.103,0.792,205.0,0.2912,1.8,4.1,0.71,5.73,4,1,2022,2022-04-08,2.51,1.01,1.36,-0.35,0,2022-04-08|Philadelphia Phillies|Oakland Athletics
5,33249,Frankie Montas,4.06,1.249,8.869,2.686,3.302,0.844,144.1,0.2336,2.26,4.75,1.49,4.93,4,0,2022,2022-04-08,3.0,0.0,1.51,-1.51,0,2022-04-08|Philadelphia Phillies|Oakland Athletics
0,41199,Shane McClanahan,2.547,0.927,10.512,2.059,5.105,1.025,166.1,0.3027,1.41,3.49,1.14,5.84,4,1,2022,2022-04-08,7.96,3.99,1.86,2.13,1,2022-04-08|Tampa Bay Rays|Baltimore Orioles
1,39948,John Means,3.375,1.25,7.875,2.25,3.5,0.562,8.0,0.2059,1.88,5.0,1.25,4.38,4,0,2022,2022-04-08,0.02,0.01,1.13,-1.12,1,2022-04-08|Tampa Bay Rays|Baltimore Orioles
5,33839,Kyle Freeland,4.546,1.412,6.768,2.738,2.472,0.758,174.2,0.171,2.53,5.54,1.52,3.76,4,1,2022,2022-04-08,5.99,4.0,2.97,1.03,1,2022-04-08|Colorado Rockies|Los Angeles Dodgers
2,39251,Walker Buehler,4.015,1.292,8.031,2.354,3.412,0.931,65.0,0.2117,2.23,5.15,1.31,4.46,4,0,2022,2022-04-08,3.0,2.5,2.23,0.27,0,2022-04-08|Colorado Rockies|Los Angeles Dodgers
2,42450,Joe Ryan,3.551,1.102,9.245,2.878,3.213,0.414,147.0,0.25,1.97,3.91,1.6,5.14,4,1,2022,2022-04-08,9.94,7.95,3.61,4.34,0,2022-04-08|Minnesota Twins|Seattle Mariners
1,32175,Robbie Ray,3.714,1.19,10.095,2.952,3.419,0.636,189.0,0.2735,2.06,4.31,1.64,5.61,4,0,2022,2022-04-08,3.99,3.98,2.51,1.48,1,2022-04-08|Minnesota Twins|Seattle Mariners
0,41216,Logan Webb,2.905,1.161,7.637,2.296,3.327,1.372,192.1,0.2071,1.61,4.53,1.28,4.24,4,1,2022,2022-04-08,2.01,2.0,1.46,0.54,0,2022-04-08|San Francisco Giants|Miami Marlins
3,35241,Sandy Alcantara,2.287,0.982,8.164,1.972,4.14,1.183,228.2,0.2336,1.27,3.81,1.1,4.54,4,0,2022,2022-04-08,2.01,1.5,0.97,0.53,0,2022-04-08|San Francisco Giants|Miami Marlins
4,41165,Josiah Gray,5.04,1.363,9.352,4.008,2.333,0.516,148.2,0.2373,2.8,4.59,2.23,5.2,4,1,2022,2022-04-08,2.0,0.5,2.2,-1.7,0,2022-04-08|Washington Nationals|New York Mets
3,28976,Max Scherzer,2.295,0.91,10.731,1.489,7.208,0.487,145.1,0.3062,1.27,3.72,0.83,5.96,4,0,2022,2022-04-08,3.51,3.0,1.42,1.58,0,2022-04-08|Washington Nationals|New York Mets
7,32811,Jose Berrios,5.233,1.419,7.797,2.355,3.311,0.685,172.0,0.1979,2.91,5.78,1.31,4.33,4,1,2022,2022-04-08,5.01,4.5,3.51,1.0,0,2022-04-08|Toronto Blue Jays|Texas Rangers
7,33203,Jon Gray,3.965,1.133,9.489,2.762,3.436,0.791,127.1,0.2572,2.2,4.13,1.53,5.27,4,0,2022,2022-04-08,7.5,6.0,3.25,2.75,0,2022-04-08|Toronto Blue Jays|Texas Rangers
1,29155,Charlie Morton,4.343,1.233,10.727,3.297,3.254,0.655,172.0,0.2816,2.41,4.33,1.83,5.96,4,1,2022,2022-04-08,2.51,2.51,2.41,0.1,0,2022-04-08|Atlanta Braves|Cincinnati Reds
7,39799,Reiver Sanmartin,6.316,1.667,7.421,4.579,1.621,1.222,57.0,0.1836,3.51,5.79,2.54,4.12,4,0,2022,2022-04-08,3.51,3.0,3.66,-0.66,1,2022-04-08|Atlanta Braves|Cincinnati Reds
3,4326697,Reid Detmers,3.767,1.209,8.512,3.209,2.652,0.578,129.0,0.2263,2.09,4.26,1.78,4.73,4,1,2022,2022-04-09,1.51,1.0,1.64,-0.64,1,2022-04-09|Los Angeles Angels|Houston Astros
2,31654,Jake Odorizzi,4.411,1.329,7.295,2.969,2.457,0.475,106.1,0.1898,2.45,5.0,1.65,4.05,4,0,2022,2022-04-09,2.02,1.0,2.0,-1.0,0,2022-04-09|Los Angeles Angels|Houston Astros
0,32968,Merrill Kelly,3.373,1.139,7.961,2.744,2.902,0.779,200.1,0.2201,1.87,4.17,1.52,4.42,4,1,2022,2022-04-09,2.0,0.99,1.42,-0.43,0,2022-04-09|Arizona Diamondbacks|San Diego Padres
0,33244,Sean Manaea,4.956,1.297,8.886,2.848,3.12,0.633,158.0,0.2325,2.75,4.91,1.58,4.94,4,0,2022,2022-04-09,4.98,1.99,2.6,-0.61,1,2022-04-09|Arizona Diamondbacks|San Diego Padres
2,42584,Drew Rasmussen,2.836,1.041,7.705,1.911,4.032,0.905,146.0,0.214,1.58,4.14,1.06,4.28,4,1,2022,2022-04-09,7.96,3.99,2.02,1.97,0,2022-04-09|Tampa Bay Rays|Baltimore Orioles
5,31061,Jordan Lyles,4.425,1.385,7.24,2.615,2.769,0.676,179.0,0.186,2.46,5.47,1.45,4.02,4,0,2022,2022-04-09,0.02,0.01,1.71,-1.7,0,2022-04-09|Tampa Bay Rays|Baltimore Orioles
2,41167,Casey Mize,5.4,1.5,3.6,1.8,2.0,0.625,10.0,0.0889,3.0,6.5,1.0,2.0,4,1,2022,2022-04-09,1.02,0.99,2.55,-1.56,0,2022-04-09|Detroit Tigers|Chicago White Sox
0,34943,Dylan Cease,2.201,1.109,11.103,3.815,2.91,0.65,184.0,0.3039,1.22,3.42,2.12,6.17,4,0,2022,2022-04-09,9.96,4.98,1.97,3.01,0,2022-04-09|Detroit Tigers|Chicago White Sox
2,32082,Sonny Gray,3.096,1.133,8.834,2.718,3.25,0.798,119.2,0.2398,1.72,4.15,1.51,4.91,4,1,2022,2022-04-09,9.94,7.95,3.35,4.6,0,2022-04-09|Minnesota Twins|Seattle Mariners
1,41221,Logan Gilbert,3.207,1.183,8.456,2.381,3.551,0.608,185.2,0.2272,1.78,4.59,1.32,4.7,4,0,2022,2022-04-09,3.99,3.98,2.23,1.76,0,2022-04-09|Minnesota Twins|Seattle Mariners
2,32116,Miles Mikolas,3.295,1.034,6.813,1.737,3.923,0.848,202.1,0.1901,1.83,4.21,0.96,3.79,4,1,2022,2022-04-09,5.01,4.0,2.28,1.72,0,2022-04-09|St. Louis Cardinals|Pittsburgh Pirates
5,33722,Mitch Keller,3.906,1.396,7.811,3.396,2.3,0.996,159.0,0.2009,2.17,5.09,1.89,4.34,4,0,2022,2022-04-09,5.49,4.49,2.77,1.72,0,2022-04-09|St. Louis Cardinals|Pittsburgh Pirates
0,41022,Justin Steele,3.176,1.353,9.529,3.782,2.52,1.075,119.0,0.2461,1.76,4.66,2.1,5.29,4,1,2022,2022-04-09,6.5,5.0,2.51,2.49,1,2022-04-09|Chicago Cubs|Milwaukee Brewers
7,37515,Brandon Woodruff,3.057,1.071,11.169,2.469,4.524,0.621,153.1,0.3065,1.7,3.98,1.37,6.21,4,0,2022,2022-04-09,2.5,0.5,1.1,-0.6,0,2022-04-09|Chicago Cubs|Milwaukee Brewers
3,32667,Kevin Gausman,3.358,1.24,10.591,1.447,7.321,0.67,174.2,0.2828,1.87,5.4,0.8,5.88,4,1,2022,2022-04-09,5.01,4.5,2.47,2.03,0,2022-04-09|Toronto Blue Jays|Texas Rangers
3,36080,Dane Dunning,4.468,1.437,8.054,3.645,2.21,1.12,153.1,0.2042,2.48,5.16,2.02,4.47,4,0,2022,2022-04-09,7.5,6.0,3.53,2.47,0,2022-04-09|Toronto Blue Jays|Texas Rangers
2,33263,Luis Severino,3.176,1.0,9.882,2.647,3.733,0.824,102.0,0.2765,1.76,3.53,1.47,5.49,4,1,2022,2022-04-09,4.01,2.0,1.62,0.38,0,2022-04-09|New York Yankees|Boston Red Sox
2,36071,Nick Pivetta,4.57,1.384,8.789,3.666,2.397,0.625,179.2,0.2264,2.54,4.88,2.04,4.88,4,0,2022,2022-04-09,2.01,2.0,2.39,-0.39,0,2022-04-09|New York Yankees|Boston Red Sox
1,33696,Carlos Rodon,2.882,1.028,11.983,2.629,4.558,0.544,178.0,0.3338,1.6,3.68,1.46,6.66,4,1,2022,2022-04-09,2.01,2.0,1.45,0.55,1,2022-04-09|San Francisco Giants|Miami Marlins
1,39671,Pablo Lopez,3.75,1.167,8.7,2.65,3.283,0.891,180.0,0.2364,2.08,4.36,1.47,4.83,4,0,2022,2022-04-09,2.01,1.5,1.78,-0.28,0,2022-04-09|San Francisco Giants|Miami Marlins
0,31053,Kyle Gibson,5.06,1.34,7.751,2.584,3.0,0.88,167.2,0.2006,2.81,5.26,1.44,4.31,4,1,2022,2022-04-09,2.51,1.01,2.36,-1.35,0,2022-04-09|Philadelphia Phillies|Oakland Athletics
2,39869,Cole Irvin,3.978,1.16,6.365,1.79,3.556,0.601,181.0,0.1727,2.21,4.81,0.99,3.54,4,0,2022,2022-04-09,3.0,0.0,1.46,-1.46,1,2022-04-09|Philadelphia Phillies|Oakland Athletics
0,35292,Brad Keller,5.108,1.509,6.595,3.685,1.789,1.101,139.2,0.1653,2.84,5.5,2.05,3.66,4,1,2022,2022-04-09,2.0,1.0,2.39,-1.39,0,2022-04-09|Kansas City Royals|Cleveland Guardians
0,42169,Zach Plesac,4.322,1.326,6.86,2.607,2.632,0.687,131.2,0.1761,2.4,5.18,1.45,3.81,4,0,2022,2022-04-09,8.48,6.49,3.6,2.89,0,2022-04-09|Kansas City Royals|Cleveland Guardians
4,4684360,Joan Adon,7.15,1.791,7.71,5.467,1.41,0.944,64.2,0.1774,3.97,5.92,3.04,4.28,4,1,2022,2022-04-09,2.0,0.5,3.37,-2.87,0,2022-04-09|Washington Nationals|New York Mets
0,33148,Chris Bassitt,3.427,1.148,8.295,2.434,3.408,0.988,181.2,0.2242,1.9,4.39,1.35,4.61,4,0,2022,2022-04-09,3.51,3.0,2.05,0.95,0,2022-04-09|Washington Nationals|New York Mets
0,39652,Kyle Wright,3.198,1.16,8.695,2.649,3.283,1.247,180.1,0.2358,1.78,4.33,1.47,4.83,4,1,2022,2022-04-09,2.51,2.51,1.78,0.73,0,2022-04-09|Atlanta Braves|Cincinnati Reds
2,36092,Vladimir Gutierrez,7.707,1.934,7.21,5.967,1.208,0.5,36.2,0.162,4.28,6.35,3.31,4.01,4,0,2022,2022-04-09,3.51,3.0,4.43,-1.43,0,2022-04-09|Atlanta Braves|Cincinnati Reds
1,34874,German Marquez,5.017,1.369,7.45,3.129,2.381,0.945,181.2,0.1926,2.79,5.1,1.74,4.14,4,1,2022,2022-04-10,5.99,4.0,3.24,0.76,0,2022-04-10|Colorado Rockies|Los Angeles Dodgers
1,38958,Tony Gonsolin,2.145,0.876,8.232,2.421,3.4,0.762,130.1,0.239,1.19,3.04,1.35,4.57,4,0,2022,2022-04-10,3.0,2.5,1.19,1.32,0,2022-04-10|Colorado Rockies|Los Angeles Dodgers
2,33829,Zach Davies,4.094,1.298,6.846,3.49,1.962,0.777,134.1,0.1789,2.27,4.55,1.94,3.8,4,1,2022,2022-04-10,2.0,0.99,1.82,-0.83,0,2022-04-10|Arizona Diamondbacks|San Diego Padres
1,34848,Joe Musgrove,2.934,1.083,9.149,2.088,4.381,0.848,181.0,0.2486,1.63,4.25,1.16,5.08,4,0,2022,2022-04-10,4.98,1.99,1.48,0.51,0,2022-04-10|Arizona Diamondbacks|San Diego Padres
0,31730,Noah Syndergaard,3.957,1.259,6.371,2.079,3.065,0.761,134.2,0.1681,2.2,5.14,1.15,3.54,4,1,2022,2022-04-10,1.51,1.0,1.75,-0.75,0,2022-04-10|Los Angeles Angels|Houston Astros
1,6341,Justin Verlander,1.749,0.829,9.514,1.491,6.379,0.628,175.0,0.2778,0.97,3.31,0.83,5.29,4,0,2022,2022-04-10,2.02,1.0,0.52,0.48,0,2022-04-10|Los Angeles Angels|Houston Astros
0,32804,Zach Eflin,4.069,1.13,7.779,1.795,4.333,0.839,75.2,0.2077,2.26,4.65,1.0,4.32,4,1,2022,2022-04-10,2.51,1.01,1.81,-0.8,0,2022-04-10|Philadelphia Phillies|Oakland Athletics
0,39434,Daulton Jefferies,5.754,1.381,6.445,1.841,3.5,0.887,39.1,0.1628,3.2,5.88,1.02,3.58,4,0,2022,2022-04-10,3.0,0.0,2.45,-2.45,0,2022-04-10|Philadelphia Phillies|Oakland Athletics
0,30981,Corey Kluber,4.335,1.213,7.628,1.152,6.619,0.582,164.0,0.2017,2.41,5.43,0.64,4.24,4,1,2022,2022-04-10,7.96,3.99,2.86,1.13,0,2022-04-10|Tampa Bay Rays|Baltimore Orioles
4,4717904,Tyler Wells,4.273,1.143,6.628,2.442,2.714,0.601,103.2,0.1797,2.37,4.36,1.36,3.68,4,0,2022,2022-04-10,0.02,0.01,1.63,-1.62,0,2022-04-10|Tampa Bay Rays|Baltimore Orioles
5,42409,Tarik Skubal,3.532,1.16,8.985,2.457,3.656,0.89,117.2,0.2453,1.96,4.44,1.37,4.99,4,1,2022,2022-04-10,1.02,0.99,1.51,-0.52,1,2022-04-10|Detroit Tigers|Chicago White Sox
1,33763,Michael Kopech,3.552,1.192,7.935,4.307,1.842,0.559,119.1,0.2126,1.97,3.57,2.39,4.41,4,0,2022,2022-04-10,9.96,4.98,2.72,2.26,0,2022-04-10|Detroit Tigers|Chicago White Sox
6,40916,Ian Anderson,5.018,1.52,7.851,4.371,1.796,0.938,111.2,0.1968,2.79,5.17,2.43,4.36,4,1,2022,2022-04-10,2.51,2.51,2.79,-0.28,0,2022-04-10|Atlanta Braves|Cincinnati Reds
3,39635,Hunter Greene,4.457,1.214,11.789,3.45,3.417,0.444,125.2,0.3089,2.48,4.15,1.92,6.55,4,0,2022,2022-04-10,3.51,3.0,2.62,0.38,0,2022-04-10|Atlanta Braves|Cincinnati Reds
2,33793,Erick Fedde,5.811,1.63,6.661,4.11,1.621,0.747,127.0,0.164,3.23,5.87,2.28,3.7,4,1,2022,2022-04-10,2.0,0.5,2.63,-2.13,0,2022-04-10|Washington Nationals|New York Mets
1,28968,Carlos Carrasco,3.967,1.329,9.0,2.428,3.707,0.881,152.0,0.2357,2.2,5.3,1.35,5.0,4,0,2022,2022-04-10,3.51,3.0,2.35,0.65,0,2022-04-10|Washington Nationals|New York Mets
9,32582,Hyun Jin Ryu,5.667,1.333,5.333,1.333,4.0,0.86,27.0,0.1416,3.15,5.93,0.74,2.96,4,1,2022,2022-04-10,5.01,4.5,3.75,0.75,1,2022-04-10|Toronto Blue Jays|Texas Rangers
6,41072,Spencer Howard,7.5,1.747,7.742,3.629,2.133,0.679,37.2,0.1788,4.17,6.72,2.02,4.3,4,0,2022,2022-04-10,7.5,6.0,5.22,0.78,0,2022-04-10|Toronto Blue Jays|Texas Rangers
13,41201,Kris Bubic,5.581,1.698,7.674,4.395,1.746,0.73,129.0,0.1874,3.1,6.05,2.44,4.26,4,1,2022,2022-04-10,2.0,1.0,2.65,-1.65,1,2022-04-10|Kansas City Royals|Cleveland Guardians
2,39875,Cal Quantrill,3.385,1.209,6.19,2.273,2.723,0.736,186.1,0.1662,1.88,4.78,1.26,3.44,4,0,2022,2022-04-10,8.48,6.49,3.08,3.41,0,2022-04-10|Kansas City Royals|Cleveland Guardians
4,3107919,Bailey Ober,3.214,1.054,8.196,1.768,4.636,0.417,56.0,0.2247,1.79,4.29,0.98,4.55,4,1,2022,2022-04-10,9.94,7.95,3.42,4.53,0,2022-04-10|Minnesota Twins|Seattle Mariners
8,33158,Marco Gonzales,4.131,1.333,5.066,2.459,2.06,0.75,183.0,0.1315,2.3,5.3,1.37,2.81,4,0,2022,2022-04-10,3.99,3.98,2.74,1.24,1,2022-04-10|Minnesota Twins|Seattle Mariners
7,33106,Steven Matz,5.25,1.25,10.125,1.875,5.4,0.621,48.0,0.2609,2.92,5.21,1.04,5.62,4,1,2022,2022-04-10,5.01,4.0,3.37,0.63,1,2022-04-10|St. Louis Cardinals|Pittsburgh Pirates
3,40922,Bryse Wilson,5.547,1.424,6.172,2.5,2.469,1.081,115.2,0.1552,3.08,5.73,1.39,3.43,4,0,2022,2022-04-10,5.49,4.49,3.68,0.81,0,2022-04-10|St. Louis Cardinals|Pittsburgh Pirates
1,32815,Marcus Stroman,3.517,1.151,7.75,2.344,3.306,1.081,138.2,0.2091,1.95,4.45,1.3,4.31,4,1,2022,2022-04-10,6.5,5.0,2.7,2.3,0,2022-04-10|Chicago Cubs|Milwaukee Brewers
3,39825,Freddy Peralta,3.577,1.038,9.923,3.115,3.185,0.661,78.0,0.2713,1.99,3.46,1.73,5.51,4,0,2022,2022-04-10,2.5,0.5,1.39,-0.89,0,2022-04-10|Chicago Cubs|Milwaukee Brewers
4,33750,Antonio Senzatela,5.081,1.694,5.277,2.248,2.348,1.03,92.1,0.1308,2.82,7.22,1.25,2.93,4,1,2022,2022-04-10,5.99,4.0,3.27,0.73,0,2022-04-10|Colorado Rockies|Los Angeles Dodgers
7,33223,Julio Urias,2.16,0.96,8.537,2.109,4.049,0.668,175.0,0.2409,1.2,3.63,1.17,4.74,4,0,2022,2022-04-10,3.0,2.5,1.2,1.3,1,2022-04-10|Colorado Rockies|Los Angeles Dodgers
2,33180,Anthony DeSclafani,6.632,2.0,8.053,1.895,4.25,0.8,19.0,0.1809,3.68,8.95,1.05,4.47,4,1,2022,2022-04-10,2.01,2.0,3.54,-1.54,0,2022-04-10|San Francisco Giants|Miami Marlins
3,39640,Trevor Rogers,5.467,1.505,8.916,3.785,2.356,0.754,107.0,0.2222,3.04,5.42,2.1,4.95,4,0,2022,2022-04-10,2.01,1.5,2.74,-1.24,1,2022-04-10|San Francisco Giants|Miami Marlins
2,40981,Jose Suarez,3.963,1.248,8.505,2.725,3.121,0.704,109.0,0.2229,2.2,4.72,1.51,4.72,4,1,2022,2022-04-10,1.51,1.0,1.75,-0.75,1,2022-04-10|Los Angeles Angels|Houston Astros
1,35759,Jose Urquidy,3.949,1.17,7.349,2.084,3.526,0.579,164.1,0.1968,2.19,4.69,1.16,4.08,4,0,2022,2022-04-10,2.02,1.0,1.75,-0.75,0,2022-04-10|Los Angeles Angels|Houston Astros
4,31313,Patrick Corbin,5.2,1.483,6.2,2.85,2.175,0.828,180.0,0.157,2.89,5.83,1.58,3.44,4,1,2023,2023-03-30,3.98,3.98,3.33,0.65,1,2023-03-30|Washington Nationals|Atlanta Braves
2,32685,Max Fried,2.565,1.14,9.326,2.098,4.444,1.453,77.2,0.2572,1.42,4.53,1.17,5.18,4,0,2023,2023-03-30,1.05,1.03,0.98,0.05,1,2023-03-30|Washington Nationals|Atlanta Braves
0,32081,Gerrit Cole,2.627,0.981,9.56,2.067,4.625,0.676,209.0,0.2704,1.46,3.76,1.15,5.31,4,1,2023,2023-03-30,5.5,3.5,1.76,1.74,0,2023-03-30|New York Yankees|San Francisco Giants
3,41216,Logan Webb,3.25,1.074,8.083,1.292,6.258,1.68,216.0,0.2282,1.81,4.65,0.72,4.49,4,0,2023,2023-03-30,3.49,1.5,1.5,-0.0,0,2023-03-30|New York Yankees|San Francisco Giants
8,30981,Corey Kluber,7.036,1.636,6.873,3.436,2.0,0.439,55.0,0.1634,3.91,6.27,1.91,3.82,4,1,2023,2023-03-30,9.0,5.49,4.81,0.68,0,2023-03-30|Boston Red Sox|Baltimore Orioles
2,31053,Kyle Gibson,4.734,1.318,7.359,2.578,2.855,0.99,192.0,0.1945,2.63,5.16,1.43,4.09,4,0,2023,2023-03-30,6.51,5.5,3.53,1.98,0,2023-03-30|Boston Red Sox|Baltimore Orioles
0,32815,Marcus Stroman,3.965,1.263,7.863,3.436,2.288,1.345,136.2,0.207,2.2,4.41,1.91,4.37,4,1,2023,2023-03-30,4.98,2.0,2.05,-0.05,0,2023-03-30|Chicago Cubs|Milwaukee Brewers
4,39878,Corbin Burnes,3.401,1.071,9.317,3.075,3.03,0.789,193.2,0.2551,1.89,3.65,1.71,5.18,4,0,2023,2023-03-30,8.94,2.98,2.03,0.95,0,2023-03-30|Chicago Cubs|Milwaukee Brewers
0,41199,Shane McClanahan,3.287,1.183,9.47,3.209,2.951,0.806,115.0,0.258,1.83,4.13,1.78,5.26,4,1,2023,2023-03-30,8.49,5.49,2.72,2.77,1,2023-03-30|Tampa Bay Rays|Detroit Tigers
1,32675,Eduardo Rodriguez,3.311,1.156,8.456,2.838,2.979,0.743,152.2,0.2303,1.84,4.2,1.58,4.7,4,0,2023,2023-03-30,1.5,0.5,1.24,-0.74,1,2023-03-30|Tampa Bay Rays|Detroit Tigers
6,32796,Jacob deGrom,2.691,0.764,13.455,1.196,11.25,0.61,30.1,0.3913,1.5,3.16,0.66,7.48,4,1,2023,2023-03-30,2.09,2.05,1.36,0.69,0,2023-03-30|Texas Rangers|Philadelphia Phillies
11,33709,Aaron Nola,4.472,1.154,9.41,2.096,4.489,0.758,193.2,0.2547,2.48,4.61,1.16,5.23,4,0,2023,2023-03-30,1.03,1.03,2.04,-1.01,0,2023-03-30|Texas Rangers|Philadelphia Phillies
0,5883,Zack Greinke,5.067,1.274,6.144,1.457,4.217,0.777,142.1,0.1636,2.81,5.56,0.81,3.41,4,1,2023,2023-03-30,2.0,0.5,2.21,-1.71,0,2023-03-30|Kansas City Royals|Minnesota Twins
0,39671,Pablo Lopez,3.665,1.155,10.856,2.227,4.875,0.828,194.0,0.2921,2.04,4.54,1.24,6.03,4,0,2023,2023-03-30,4.5,1.5,1.74,-0.24,0,2023-03-30|Kansas City Royals|Minnesota Twins
1,35241,Sandy Alcantara,4.153,1.216,7.378,2.345,3.146,1.078,184.2,0.1982,2.31,4.78,1.3,4.1,4,1,2023,2023-03-30,1.5,1.5,2.01,-0.51,0,2023-03-30|Miami Marlins|New York Mets
0,28976,Max Scherzer,3.784,1.124,10.289,2.661,3.867,0.508,152.2,0.2802,2.1,4.14,1.48,5.72,4,0,2023,2023-03-30,5.49,3.99,2.55,1.44,0,2023-03-30|Miami Marlins|New York Mets
4,39635,Hunter Greene,4.821,1.42,12.214,3.857,3.167,0.559,112.0,0.3052,2.68,4.96,2.14,6.79,4,1,2023,2023-03-30,4.5,3.0,2.83,0.17,0,2023-03-30|Cincinnati Reds|Pittsburgh Pirates
4,33722,Mitch Keller,4.219,1.247,9.737,2.55,3.818,0.791,194.1,0.2545,2.34,4.82,1.42,5.41,4,0,2023,2023-03-30,1.51,1.5,2.05,-0.54,0,2023-03-30|Cincinnati Reds|Pittsburgh Pirates
5,32116,Miles Mikolas,4.789,1.318,6.131,1.745,3.513,0.64,201.1,0.1593,2.66,5.62,0.97,3.41,4,1,2023,2023-03-30,8.98,8.96,4.6,4.36,0,2023-03-30|St. Louis Cardinals|Toronto Blue Jays
5,42436,Alek Manoah,5.89,1.745,8.163,6.096,1.339,0.634,87.1,0.1904,3.27,5.34,3.39,4.54,4,0,2023,2023-03-30,4.01,3.0,3.42,-0.42,0,2023-03-30|St. Louis Cardinals|Toronto Blue Jays
0,36581,Framber Valdez,3.455,1.126,9.091,2.591,3.509,1.231,198.0,0.2475,1.92,4.19,1.44,5.05,4,1,2023,2023-03-30,3.02,0.01,1.17,-1.16,1,2023-03-30|Houston Astros|Chicago White Sox
0,34943,Dylan Cease,4.576,1.418,10.881,4.017,2.709,0.582,177.0,0.273,2.54,4.86,2.23,6.05,4,0,2023,2023-03-30,5.97,1.0,2.09,-1.09,0,2023-03-30|Houston Astros|Chicago White Sox
4,33748,Blake Snell,2.25,1.189,11.7,4.95,2.364,0.776,180.0,0.3154,1.25,3.19,2.75,6.5,4,1,2023,2023-03-31,5.48,3.99,1.7,2.29,1,2023-03-31|San Diego Padres|Colorado Rockies
2,34874,German Marquez,4.95,1.1,7.65,1.35,5.667,1.071,20.0,0.2125,2.75,4.75,0.75,4.25,4,0,2023,2023-03-31,2.51,0.51,2.15,-1.64,0,2023-03-31|San Diego Padres|Colorado Rockies
1,41041,Kyle Muller,7.597,1.961,6.545,4.558,1.436,0.768,77.0,0.1505,4.22,7.27,2.53,3.64,4,1,2023,2023-03-31,0.5,0.5,3.62,-3.12,1,2023-03-31|Oakland Athletics|Los Angeles Angels
0,39832,Shohei Ohtani,3.136,1.061,11.386,3.75,3.036,0.845,132.0,0.3145,1.74,3.22,2.08,6.33,4,0,2023,2023-03-31,9.48,8.48,3.54,4.94,0,2023-03-31|Oakland Athletics|Los Angeles Angels
2,33223,Julio Urias,4.611,1.161,8.992,1.845,4.875,0.601,117.1,0.2427,2.56,4.78,1.02,5.0,4,1,2023,2023-03-31,5.5,4.49,3.16,1.33,1,2023-03-31|Los Angeles Dodgers|Arizona Diamondbacks
5,39910,Zac Gallen,3.471,1.119,9.429,2.014,4.681,0.734,210.0,0.26,1.93,4.48,1.12,5.24,4,0,2023,2023-03-31,1.5,1.0,1.48,-0.48,0,2023-03-31|Los Angeles Dodgers|Arizona Diamondbacks
0,35124,Luis Castillo,3.335,1.096,10.005,2.558,3.911,0.652,197.0,0.2731,1.85,4.06,1.42,5.56,4,1,2023,2023-03-31,2.5,2.5,1.85,0.65,0,2023-03-31|Seattle Mariners|Cleveland Guardians
0,40912,Shane Bieber,3.797,1.234,7.523,2.391,3.147,0.906,128.0,0.2008,2.11,4.84,1.33,4.18,4,0,2023,2023-03-31,4.0,2.51,2.11,0.4,0,2023-03-31|Seattle Mariners|Cleveland Guardians
0,39667,Jesus Luzardo,3.586,1.218,10.505,2.778,3.782,0.698,178.2,0.2807,1.99,4.55,1.54,5.84,4,1,2023,2023-03-31,1.5,1.5,1.69,-0.19,1,2023-03-31|Miami Marlins|New York Mets
1,40921,David Peterson,5.027,1.568,10.378,4.054,2.56,1.232,111.0,0.2602,2.79,5.59,2.25,5.77,4,0,2023,2023-03-31,5.49,3.99,3.24,0.75,1,2023-03-31|Miami Marlins|New York Mets
1,41261,Cristian Javier,4.556,1.265,8.833,3.444,2.565,0.354,162.0,0.2314,2.53,4.41,1.91,4.91,4,1,2023,2023-04-01,3.02,0.01,1.78,-1.77,0,2023-04-01|Houston Astros|Chicago White Sox
0,30820,Lance Lynn,5.748,1.397,9.383,3.291,2.851,0.57,183.2,0.2364,3.19,5.16,1.83,5.21,4,0,2023,2023-04-01,5.97,1.0,2.74,-1.74,0,2023-04-01|Houston Astros|Chicago White Sox
4,33372,Nick Martinez,3.433,1.262,8.665,3.27,2.65,1.175,110.1,0.2299,1.91,4.5,1.82,4.81,4,1,2023,2023-04-01,5.48,3.99,2.35,1.64,0,2023-04-01|San Diego Padres|Colorado Rockies
0,33839,Kyle Freeland,5.045,1.476,5.451,2.436,2.238,0.693,155.2,0.1388,2.8,6.02,1.35,3.03,4,0,2023,2023-04-01,2.51,0.51,2.21,-1.7,1,2023-04-01|San Diego Padres|Colorado Rockies
0,40937,Dustin May,2.625,0.938,6.375,3.0,2.125,0.8,48.0,0.1818,1.46,3.02,1.67,3.54,4,1,2023,2023-04-01,5.5,4.49,2.06,2.43,0,2023-04-01|Los Angeles Dodgers|Arizona Diamondbacks
0,32968,Merrill Kelly,3.301,1.196,9.498,3.505,2.71,0.841,177.2,0.259,1.83,4.03,1.95,5.28,4,0,2023,2023-04-01,1.5,1.0,1.38,-0.38,0,2023-04-01|Los Angeles Dodgers|Arizona Diamondbacks
8,32175,Robbie Ray,8.71,2.903,8.71,14.516,0.6,1.75,3.1,0.1579,4.84,6.45,8.06,4.84,4,1,2023,2023-04-01,2.5,2.5,4.84,-2.34,1,2023-04-01|Seattle Mariners|Cleveland Guardians
4,4187661,Hunter Gaddis,4.5,1.31,5.143,3.0,1.714,0.373,42.0,0.1319,2.5,4.88,1.67,2.86,4,0,2023,2023-04-01,4.0,2.51,2.5,0.01,0,2023-04-01|Seattle Mariners|Cleveland Guardians
3,35759,Jose Urquidy,5.286,1.429,6.429,3.571,1.8,0.574,63.0,0.1636,2.94,5.16,1.98,3.57,4,1,2023,2023-04-01,3.02,0.01,2.19,-2.18,0,2023-04-01|Houston Astros|Chicago White Sox
3,32697,Lucas Giolito,4.889,1.315,9.973,3.569,2.795,0.565,184.1,0.2569,2.72,4.59,1.98,5.54,4,0,2023,2023-04-01,5.97,1.0,2.27,-1.27,0,2023-04-01|Houston Astros|Chicago White Sox
0,33837,Jack Flaherty,4.997,1.582,9.244,4.122,2.242,0.755,144.1,0.2277,2.78,5.62,2.29,5.14,4,1,2023,2023-04-01,8.98,8.96,4.71,4.25,0,2023-04-01|St. Louis Cardinals|Toronto Blue Jays
3,32667,Kevin Gausman,3.162,1.178,11.53,2.676,4.309,0.752,185.0,0.3106,1.76,4.41,1.49,6.41,4,0,2023,2023-04-01,4.01,3.0,1.91,1.09,0,2023-04-01|St. Louis Cardinals|Toronto Blue Jays
0,41022,Justin Steele,3.068,1.173,9.151,1.872,4.889,1.012,173.1,0.2458,1.7,4.82,1.04,5.08,4,1,2023,2023-04-01,4.98,2.0,1.55,0.45,1,2023-04-01|Chicago Cubs|Milwaukee Brewers
0,37515,Brandon Woodruff,2.284,0.821,9.94,2.015,4.933,0.594,67.0,0.2925,1.27,2.99,1.12,5.52,4,0,2023,2023-04-01,8.94,2.98,1.41,1.57,0,2023-04-01|Chicago Cubs|Milwaukee Brewers
5,41165,Josiah Gray,3.906,1.459,8.094,4.528,1.788,0.612,159.0,0.2049,2.17,4.78,2.52,4.5,4,1,2023,2023-04-01,3.98,3.98,2.61,1.37,0,2023-04-01|Washington Nationals|Atlanta Braves
0,4307825,Spencer Strider,3.867,1.096,13.582,2.803,4.845,0.537,186.2,0.3683,2.15,3.92,1.56,7.55,4,0,2023,2023-04-01,1.05,1.03,1.71,-0.68,0,2023-04-01|Washington Nationals|Atlanta Braves
3,31174,Nathan Eovaldi,3.625,1.139,8.25,2.938,2.809,1.063,144.0,0.2288,2.01,4.06,1.63,4.58,4,1,2023,2023-04-01,2.09,2.05,1.88,0.17,0,2023-04-01|Texas Rangers|Philadelphia Phillies
7,31267,Zack Wheeler,3.609,1.078,9.938,1.828,5.436,0.7,192.0,0.2694,2.01,4.38,1.02,5.52,4,0,2023,2023-04-01,1.03,1.03,1.56,-0.53,0,2023-04-01|Texas Rangers|Philadelphia Phillies
3,41085,Clarke Schmidt,4.642,1.352,8.434,2.604,3.239,0.775,159.0,0.2147,2.58,5.31,1.45,4.69,4,1,2023,2023-04-01,5.5,3.5,2.88,0.62,0,2023-04-01|New York Yankees|San Francisco Giants
3,31086,Alex Cobb,3.872,1.324,7.803,2.204,3.541,1.372,151.1,0.2028,2.15,5.39,1.22,4.33,4,0,2023,2023-04-01,3.49,1.5,1.85,-0.35,0,2023-04-01|New York Yankees|San Francisco Giants
11,4142398,Shintaro Fujinami,7.177,1.494,9.456,5.127,1.844,0.644,79.0,0.2325,3.99,4.62,2.85,5.25,4,1,2023,2023-04-01,0.5,0.5,3.39,-2.89,0,2023-04-01|Oakland Athletics|Los Angeles Angels
1,40975,Patrick Sandoval,4.119,1.519,7.989,4.619,1.73,0.886,144.2,0.1963,2.29,5.03,2.57,4.44,4,0,2023,2023-04-01,9.48,8.48,4.08,4.4,1,2023-04-01|Oakland Athletics|Los Angeles Angels
8,30948,Chris Sale,4.315,1.135,11.008,2.554,4.31,0.623,102.2,0.2941,2.4,4.26,1.42,6.12,4,1,2023,2023-04-01,9.0,5.49,3.3,2.19,1,2023-04-01|Boston Red Sox|Baltimore Orioles
5,38295,Dean Kremer,4.129,1.312,8.206,2.875,2.855,0.671,172.2,0.2136,2.29,4.97,1.6,4.56,4,0,2023,2023-04-01,6.51,5.5,3.2,2.3,0,2023-04-01|Boston Red Sox|Baltimore Orioles
1,32804,Zach Eflin,3.505,1.027,9.447,1.219,7.75,1.016,177.2,0.2646,1.95,4.46,0.68,5.25,4,1,2023,2023-04-01,8.49,5.49,2.84,2.65,0,2023-04-01|Tampa Bay Rays|Detroit Tigers
10,33732,Spencer Turnbull,7.258,1.677,6.968,4.355,1.6,0.907,31.0,0.1655,4.03,5.97,2.42,3.87,4,0,2023,2023-04-01,1.5,0.5,3.43,-2.93,0,2023-04-01|Tampa Bay Rays|Detroit Tigers
1,31061,Jordan Lyles,6.298,1.247,6.095,2.286,2.667,0.513,177.2,0.1604,3.5,4.97,1.27,3.39,4,1,2023,2023-04-01,2.0,0.5,2.9,-2.4,0,2023-04-01|Kansas City Royals|Minnesota Twins
0,32082,Sonny Gray,2.788,1.147,8.951,2.69,3.327,0.925,184.0,0.2427,1.55,4.24,1.49,4.97,4,0,2023,2023-04-01,4.5,1.5,1.25,0.25,0,2023-04-01|Kansas City Royals|Minnesota Twins
4,40944,Edward Cabrera,4.264,1.452,10.706,5.988,1.788,1.257,99.2,0.2719,2.37,3.93,3.33,5.95,4,1,2023,2023-04-01,1.5,1.5,2.07,-0.57,0,2023-04-01|Miami Marlins|New York Mets
2,3332018,Tylor Megill,4.711,1.578,7.494,4.14,1.81,0.796,126.1,0.1852,2.62,5.59,2.3,4.16,4,0,2023,2023-04-01,5.49,3.99,3.06,0.93,0,2023-04-01|Miami Marlins|New York Mets
2,42433,Nick Lodolo,6.334,1.76,12.405,2.639,4.7,0.889,34.1,0.2831,3.52,7.33,1.47,6.89,4,1,2023,2023-04-01,4.5,3.0,3.67,-0.67,1,2023-04-01|Cincinnati Reds|Pittsburgh Pirates
3,6321,Rich Hill,5.421,1.526,7.947,3.573,2.224,0.64,146.1,0.1955,3.01,5.65,1.98,4.41,4,0,2023,2023-04-01,1.51,1.5,2.71,-1.2,1,2023-04-01|Cincinnati Reds|Pittsburgh Pirates
1,32640,Michael Wacha,3.221,1.163,8.322,2.886,2.884,0.544,134.1,0.2242,1.79,4.21,1.6,4.62,4,1,2023,2023-04-02,5.48,3.99,2.24,1.75,0,2023-04-02|San Diego Padres|Colorado Rockies
5,33107,Jose Urena,6.516,1.629,5.905,4.48,1.318,0.936,44.2,0.1429,3.62,5.66,2.49,3.28,4,0,2023,2023-04-02,2.51,0.51,3.02,-2.51,0,2023-04-02|San Diego Padres|Colorado Rockies
1,28963,Clayton Kershaw,2.47,1.067,9.398,2.744,3.425,0.916,131.2,0.262,1.37,3.81,1.52,5.22,4,1,2023,2023-04-02,5.5,4.49,1.97,2.52,1,2023-04-02|Los Angeles Dodgers|Arizona Diamondbacks
8,29949,Madison Bumgarner,10.556,2.469,5.556,8.333,0.667,0.561,16.2,0.1111,5.86,7.72,4.63,3.09,4,0,2023,2023-04-02,1.5,1.0,5.41,-4.41,1,2023-04-02|Los Angeles Dodgers|Arizona Diamondbacks
1,41221,Logan Gilbert,3.738,1.078,8.943,1.703,5.25,0.729,190.2,0.2455,2.08,4.44,0.95,4.97,4,1,2023,2023-04-02,2.5,2.5,2.08,0.42,0,2023-04-02|Seattle Mariners|Cleveland Guardians
0,40934,Aaron Civale,3.464,1.163,8.55,2.432,3.515,0.662,122.1,0.2302,1.92,4.46,1.35,4.75,4,0,2023,2023-04-02,4.0,2.51,1.93,0.58,0,2023-04-02|Seattle Mariners|Cleveland Guardians
0,35397,Jeffrey Springs,0.562,0.5,13.5,2.25,6.0,1.0,16.0,0.4364,0.31,1.25,1.25,7.5,4,1,2023,2023-04-02,8.49,5.49,1.21,4.28,1,2023-04-02|Tampa Bay Rays|Detroit Tigers
1,40927,Joey Wentz,6.93,1.692,8.384,4.021,2.085,0.584,105.2,0.1992,3.85,6.23,2.23,4.66,4,0,2023,2023-04-02,1.5,0.5,3.25,-2.75,1,2023-04-02|Tampa Bay Rays|Detroit Tigers
1,39636,MacKenzie Gore,4.431,1.403,9.985,3.769,2.649,0.643,136.1,0.2595,2.46,4.92,2.09,5.55,4,1,2023,2023-04-02,3.98,3.98,2.9,1.08,1,2023-04-02|Washington Nationals|Atlanta Braves
4,4623366,Jared Shuster,5.862,1.513,5.172,4.483,1.154,0.559,52.2,0.1304,3.26,5.08,2.49,2.87,4,0,2023,2023-04-02,1.05,1.03,2.81,-1.78,1,2023-04-02|Washington Nationals|Atlanta Braves
3,41009,Tanner Houck,5.009,1.368,8.406,3.481,2.415,1.142,106.0,0.2138,2.78,4.91,1.93,4.67,4,1,2023,2023-04-02,9.0,5.49,3.68,1.81,0,2023-04-02|Boston Red Sox|Baltimore Orioles
6,39869,Cole Irvin,4.436,1.284,7.938,2.451,3.238,0.714,77.1,0.2024,2.46,5.06,1.36,4.41,4,0,2023,2023-04-02,6.51,5.5,3.37,2.13,1,2023-04-02|Boston Red Sox|Baltimore Orioles
0,42864,Jhony Brito,4.295,1.221,7.192,2.797,2.571,0.799,90.1,0.1935,2.39,4.55,1.55,4.0,4,1,2023,2023-04-02,5.5,3.5,2.69,0.81,0,2023-04-02|New York Yankees|San Francisco Giants
4,32789,Ross Stripling,5.36,1.348,7.079,1.618,4.375,0.798,89.0,0.1837,2.98,5.84,0.9,3.93,4,0,2023,2023-04-02,3.49,1.5,2.68,-1.18,0,2023-04-02|New York Yankees|San Francisco Giants
4,39640,Trevor Rogers,4.0,1.222,9.5,3.0,3.167,1.125,18.0,0.2405,2.22,4.44,1.67,5.28,4,1,2023,2023-04-02,1.5,1.5,1.92,-0.42,1,2023-04-02|Miami Marlins|New York Mets
1,4142421,Kodai Senga,2.98,1.222,10.945,4.172,2.623,0.786,166.1,0.2911,1.66,3.79,2.32,6.08,4,0,2023,2023-04-02,5.49,3.99,2.1,1.89,0,2023-04-02|Miami Marlins|New York Mets
1,4084179,Graham Ashcraft,4.773,1.377,6.88,3.223,2.135,0.923,145.2,0.1779,2.65,5.1,1.79,3.82,4,1,2023,2023-04-02,4.5,3.0,2.8,0.2,0,2023-04-02|Cincinnati Reds|Pittsburgh Pirates
3,31878,Vince Velasquez,3.881,1.321,8.976,3.396,2.643,0.467,37.1,0.2284,2.16,4.72,1.89,4.99,4,0,2023,2023-04-02,1.51,1.5,1.86,-0.36,0,2023-04-02|Cincinnati Reds|Pittsburgh Pirates
1,4684365,Luis Garcia,4.0,1.296,10.333,3.333,3.1,0.377,27.0,0.2696,2.22,4.63,1.85,5.74,4,1,2023,2023-04-02,3.02,0.01,1.48,-1.47,0,2023-04-02|Houston Astros|Chicago White Sox
0,32769,Mike Clevinger,3.776,1.228,7.551,2.746,2.75,0.455,131.1,0.2004,2.1,4.61,1.53,4.2,4,0,2023,2023-04-02,5.97,1.0,1.65,-0.65,0,2023-04-02|Houston Astros|Chicago White Sox
2,35292,Brad Keller,4.59,1.929,6.186,8.98,0.689,1.357,45.1,0.1469,2.55,4.66,4.99,3.44,4,1,2023,2023-04-02,2.0,0.5,1.95,-1.45,0,2023-04-02|Kansas City Royals|Minnesota Twins
1,42450,Joe Ryan,4.522,1.172,10.999,1.898,5.794,0.495,161.2,0.2932,2.51,4.81,1.05,6.11,4,0,2023,2023-04-02,4.5,1.5,2.21,-0.71,0,2023-04-02|Kansas City Royals|Minnesota Twins
3,38173,Jordan Montgomery,3.204,1.196,7.938,2.295,3.458,0.78,188.2,0.2136,1.78,4.7,1.28,4.41,4,1,2023,2023-04-02,8.98,8.96,3.72,5.24,1,2023-04-02|St. Louis Cardinals|Toronto Blue Jays
9,33148,Chris Bassitt,3.6,1.175,8.37,2.655,3.153,0.751,200.0,0.2252,2.0,4.4,1.47,4.65,4,0,2023,2023-04-02,4.01,3.0,2.15,0.85,0,2023-04-02|St. Louis Cardinals|Toronto Blue Jays
3,31258,Jameson Taillon,4.848,1.278,8.177,2.395,3.415,0.623,154.1,0.2137,2.69,5.06,1.33,4.54,4,1,2023,2023-04-02,4.98,2.0,2.54,-0.54,0,2023-04-02|Chicago Cubs|Milwaukee Brewers
2,39915,Eric Lauer,6.623,1.688,8.377,4.675,1.792,0.333,46.2,0.2038,3.68,5.84,2.6,4.65,4,0,2023,2023-04-02,8.94,2.98,3.82,-0.84,1,2023-04-02|Chicago Cubs|Milwaukee Brewers
6,4189711,Ken Waldichuk,5.362,1.56,8.426,4.532,1.859,0.697,141.0,0.2066,2.98,5.28,2.52,4.68,4,1,2023,2023-04-02,0.5,0.5,2.38,-1.88,1,2023-04-02|Oakland Athletics|Los Angeles Angels
0,32151,Tyler Anderson,5.426,1.489,7.596,4.085,1.859,0.449,141.0,0.1892,3.01,5.18,2.27,4.22,4,0,2023,2023-04-02,9.48,8.48,4.81,3.68,1,2023-04-02|Oakland Athletics|Los Angeles Angels
1,31730,Noah Syndergaard,6.531,1.395,5.714,1.939,2.947,0.619,88.2,0.1432,3.63,5.9,1.08,3.17,4,1,2023,2023-04-02,5.5,4.49,4.23,0.26,0,2023-04-02|Los Angeles Dodgers|Arizona Diamondbacks
1,33829,Zach Davies,7.016,1.669,7.893,4.275,1.846,0.796,82.1,0.191,3.9,5.97,2.38,4.38,4,0,2023,2023-04-02,1.5,1.0,3.45,-2.45,0,2023-04-02|Los Angeles Dodgers|Arizona Diamondbacks
4,33158,Marco Gonzales,5.22,1.46,6.12,3.24,1.889,0.68,50.0,0.1581,2.9,5.5,1.8,3.4,4,1,2023,2023-04-02,2.5,2.5,2.9,-0.4,1,2023-04-02|Seattle Mariners|Cleveland Guardians
5,39875,Cal Quantrill,5.262,1.472,5.262,3.175,1.657,0.678,99.2,0.1306,2.92,5.59,1.76,2.92,4,0,2023,2023-04-02,4.0,2.51,2.93,-0.42,0,2023-04-02|Seattle Mariners|Cleveland Guardians
0,34873,Seth Lugo,3.573,1.205,8.624,2.218,3.889,0.832,146.1,0.2318,1.98,4.79,1.23,4.79,4,1,2023,2023-04-02,5.48,3.99,2.43,1.56,0,2023-04-02|San Diego Padres|Colorado Rockies
3,34897,Austin Gomber,5.504,1.489,5.633,2.784,2.023,0.747,139.0,0.1443,3.06,5.9,1.55,3.13,4,0,2023,2023-04-02,2.51,0.51,2.46,-1.95,1,2023-04-02|San Diego Padres|Colorado Rockies
1,31098,Martin Perez,4.462,1.409,5.928,3.123,1.898,0.855,141.2,0.153,2.48,5.31,1.74,3.29,4,1,2023,2023-04-02,2.09,2.05,2.35,-0.3,1,2023-04-02|Texas Rangers|Philadelphia Phillies
2,4705677,Bailey Falter,5.387,1.421,6.733,2.244,3.0,0.679,80.2,0.1729,2.99,5.86,1.25,3.74,4,0,2023,2023-04-02,1.03,1.03,2.55,-1.52,1,2023-04-02|Texas Rangers|Philadelphia Phillies
1,33696,Carlos Rodon,3.091,1.051,9.364,3.368,2.781,0.787,195.1,0.2573,1.72,3.38,1.87,5.2,4,1,2025,2025-03-27,12.0,5.03,2.48,2.55,1,2025-03-27|New York Yankees|Milwaukee Brewers
2,39825,Freddy Peralta,2.707,1.078,10.42,3.371,3.091,0.599,176.2,0.2822,1.5,3.52,1.87,5.79,4,0,2025,2025-03-27,3.02,3.0,1.66,1.34,0,2025-03-27|New York Yankees|Milwaukee Brewers
6,32811,Jose Berrios,4.175,1.301,7.482,3.036,2.464,0.732,166.0,0.1977,2.32,4.82,1.69,4.16,4,1,2025,2025-03-27,4.0,3.5,2.62,0.88,0,2025-03-27|Toronto Blue Jays|Baltimore Orioles
2,32804,Zach Eflin,5.949,1.421,6.329,1.646,3.846,0.73,71.1,0.1618,3.31,6.19,0.91,3.52,4,0,2025,2025-03-27,5.01,4.5,3.9,0.6,0,2025-03-27|Toronto Blue Jays|Baltimore Orioles
0,39636,MacKenzie Gore,4.183,1.357,10.459,3.618,2.891,0.626,159.2,0.2721,2.32,4.77,2.01,5.81,4,1,2025,2025-03-27,5.5,2.5,2.32,0.18,1,2025-03-27|Washington Nationals|Philadelphia Phillies
1,31267,Zack Wheeler,2.714,0.938,11.763,1.991,5.909,0.711,149.2,0.3333,1.51,3.59,1.11,6.53,4,0,2025,2025-03-27,6.0,1.0,1.06,-0.06,0,2025-03-27|Washington Nationals|Philadelphia Phillies
2,31174,Nathan Eovaldi,1.731,0.854,8.931,1.454,6.143,1.048,130.0,0.2601,0.96,3.46,0.81,4.96,4,1,2025,2025-03-27,3.5,2.5,0.96,1.54,0,2025-03-27|Texas Rangers|Boston Red Sox
2,4297835,Garrett Crochet,2.589,1.029,11.19,2.019,5.543,0.973,205.1,0.3133,1.44,4.02,1.12,6.22,4,0,2025,2025-03-27,2.5,1.0,0.99,0.01,1,2025-03-27|Texas Rangers|Boston Red Sox
2,35241,Sandy Alcantara,5.373,1.274,7.336,2.945,2.491,0.874,174.2,0.1906,2.99,4.74,1.64,4.08,4,1,2025,2025-03-27,4.0,1.0,2.54,-1.54,0,2025-03-27|Miami Marlins|Pittsburgh Pirates
1,4719507,Paul Skenes,1.971,0.951,10.385,2.019,5.143,0.804,187.2,0.2947,1.1,3.63,1.12,5.77,4,0,2025,2025-03-27,3.0,1.51,0.8,0.71,0,2025-03-27|Miami Marlins|Pittsburgh Pirates
2,39635,Hunter Greene,2.771,0.942,11.082,2.183,5.077,0.52,107.2,0.3143,1.54,3.5,1.21,6.16,4,1,2025,2025-03-27,3.0,1.0,1.09,-0.09,0,2025-03-27|Cincinnati Reds|San Francisco Giants
3,41216,Logan Webb,3.217,1.237,9.739,2.0,4.87,1.185,207.0,0.2617,1.79,5.07,1.11,5.41,4,0,2025,2025-03-27,4.0,1.5,1.49,0.01,0,2025-03-27|Cincinnati Reds|San Francisco Giants
0,4867679,Sean Burke,4.295,1.454,8.926,4.228,2.111,0.662,134.1,0.2232,2.39,4.92,2.35,4.96,4,1,2025,2025-03-27,2.02,2.0,2.23,-0.23,0,2025-03-27|Chicago White Sox|Los Angeles Angels
3,41415,Yusei Kikuchi,3.992,1.426,8.793,3.739,2.351,0.675,178.1,0.2254,2.22,5.05,2.08,4.88,4,0,2025,2025-03-27,2.98,1.98,2.06,-0.07,1,2025-03-27|Chicago White Sox|Los Angeles Angels
2,41054,Cole Ragans,4.706,1.193,14.412,2.941,4.9,0.593,61.2,0.3813,2.61,4.33,1.63,8.01,4,1,2025,2025-03-27,3.0,0.5,2.02,-1.52,1,2025-03-27|Kansas City Royals|Cleveland Guardians
3,33194,Ben Lively,3.258,1.199,5.905,3.054,1.933,0.441,44.2,0.1629,1.81,4.3,1.7,3.28,4,0,2025,2025-03-27,4.5,3.0,1.96,1.04,0,2025-03-27|Kansas City Royals|Cleveland Guardians
0,36581,Framber Valdez,3.656,1.245,8.766,3.188,2.75,1.466,192.0,0.2332,2.03,4.45,1.77,4.87,4,1,2025,2025-03-27,2.0,1.01,1.58,-0.57,1,2025-03-27|Houston Astros|New York Mets
3,32827,Clay Holmes,3.541,1.308,7.028,3.596,1.955,1.268,165.2,0.1822,1.97,4.54,2.0,3.9,4,0,2025,2025-03-27,1.01,0.01,1.22,-1.21,0,2025-03-27|Houston Astros|New York Mets
4,40429,Michael King,3.447,1.204,9.357,3.201,2.923,0.642,73.1,0.2468,1.92,4.24,1.78,5.2,4,1,2025,2025-03-27,1.03,0.02,1.17,-1.15,0,2025-03-27|San Diego Padres|Atlanta Braves
3,30948,Chris Sale,2.588,1.07,11.861,2.3,5.156,0.669,125.2,0.3235,1.44,4.07,1.28,6.59,4,0,2025,2025-03-27,0.03,0.03,0.7,-0.67,1,2025-03-27|San Diego Padres|Atlanta Braves
2,32082,Sonny Gray,4.295,1.238,10.039,1.898,5.289,0.821,180.2,0.2669,2.39,5.13,1.05,5.58,4,1,2025,2025-03-27,7.0,4.5,2.99,1.51,0,2025-03-27|St. Louis Cardinals|Minnesota Twins
4,39671,Pablo Lopez,2.753,1.117,8.737,2.394,3.65,0.629,75.2,0.234,1.53,4.26,1.33,4.85,4,0,2025,2025-03-27,1.5,1.5,1.23,0.27,0,2025-03-27|St. Louis Cardinals|Minnesota Twins
2,33748,Blake Snell,2.357,1.26,10.606,3.83,2.769,1.026,61.1,0.2835,1.31,4.17,2.13,5.89,4,1,2025,2025-03-27,7.0,3.98,1.75,2.24,1,2025-03-27|Los Angeles Dodgers|Detroit Tigers
4,42409,Tarik Skubal,2.214,0.892,11.117,1.522,7.303,0.712,195.1,0.3222,1.23,3.61,0.85,6.18,4,0,2025,2025-03-27,3.01,2.0,1.08,0.92,1,2025-03-27|Los Angeles Dodgers|Detroit Tigers
7,39910,Zac Gallen,4.828,1.26,8.203,3.094,2.652,0.797,192.0,0.2153,2.68,4.58,1.72,4.56,4,1,2025,2025-03-28,6.5,0.52,2.09,-1.57,0,2025-03-28|Arizona Diamondbacks|Chicago Cubs
3,41022,Justin Steele,4.865,1.171,8.514,2.027,4.2,0.711,22.2,0.2283,2.7,4.73,1.13,4.73,4,0,2025,2025-03-28,5.0,2.01,2.56,-0.55,1,2025-03-28|Arizona Diamondbacks|Chicago Cubs
1,41221,Logan Gilbert,3.435,1.031,11.885,2.13,5.581,0.662,131.0,0.3234,1.91,3.97,1.18,6.6,4,1,2025,2025-03-28,2.0,0.5,1.31,-0.81,0,2025-03-28|Seattle Mariners|Athletics
0,33263,Luis Severino,4.55,1.307,6.88,2.774,2.48,0.722,162.2,0.1759,2.53,4.99,1.54,3.82,4,0,2025,2025-03-28,2.51,1.5,2.23,-0.73,0,2025-03-28|Seattle Mariners|Athletics
2,4208281,Ryan Pepiot,3.876,1.166,8.989,3.283,2.738,0.632,167.2,0.2459,2.15,4.01,1.82,4.99,4,1,2025,2025-03-28,3.5,1.0,1.7,-0.7,0,2025-03-28|Tampa Bay Rays|Colorado Rockies
0,33839,Kyle Freeland,4.994,1.424,6.88,2.109,3.263,0.712,162.2,0.1749,2.77,5.95,1.17,3.82,4,0,2025,2025-03-28,3.0,1.0,2.33,-1.33,1,2025-03-28|Tampa Bay Rays|Colorado Rockies
2,32667,Kevin Gausman,3.591,1.062,8.813,2.332,3.78,0.595,193.0,0.2439,1.99,4.02,1.3,4.9,4,1,2025,2025-03-28,4.0,3.5,2.3,1.2,0,2025-03-28|Toronto Blue Jays|Baltimore Orioles
5,29155,Charlie Morton,5.831,1.577,9.444,4.563,2.069,0.797,142.0,0.2278,3.24,5.35,2.54,5.25,4,0,2025,2025-03-28,5.01,4.5,3.84,0.66,0,2025-03-28|Toronto Blue Jays|Baltimore Orioles
4,5201596,Connor Gillispie,8.654,1.654,7.962,3.808,2.091,0.63,26.0,0.187,4.81,6.15,2.12,4.42,4,1,2025,2025-03-28,4.0,1.0,4.36,-3.36,0,2025-03-28|Miami Marlins|Pittsburgh Pirates
1,33722,Mitch Keller,4.191,1.261,7.666,2.606,2.941,0.796,176.1,0.2003,2.33,4.86,1.45,4.26,4,0,2025,2025-03-28,3.0,1.51,2.03,-0.52,0,2025-03-28|Miami Marlins|Pittsburgh Pirates
1,4622181,Jack Leiter,3.869,1.283,8.81,3.988,2.209,0.608,151.2,0.2291,2.15,4.2,2.22,4.89,4,1,2025,2025-03-29,3.5,2.5,2.15,0.35,0,2025-03-29|Texas Rangers|Boston Red Sox
2,41009,Tanner Houck,8.125,1.713,6.667,3.542,1.882,0.961,43.2,0.1576,4.51,6.6,1.97,3.7,4,0,2025,2025-03-29,2.5,1.0,4.06,-3.06,0,2025-03-29|Texas Rangers|Boston Red Sox
3,4717803,Hunter Brown,2.431,1.026,10.016,2.771,3.614,0.929,185.1,0.2826,1.35,3.59,1.54,5.56,4,1,2025,2025-03-29,2.0,1.01,0.9,0.11,0,2025-03-29|Houston Astros|New York Mets
1,3332018,Tylor Megill,3.965,1.366,11.762,4.361,2.697,0.692,68.1,0.2918,2.2,4.41,2.42,6.53,4,0,2025,2025-03-29,1.01,0.01,1.46,-1.45,0,2025-03-29|Houston Astros|New York Mets
3,34943,Dylan Cease,4.554,1.327,11.518,3.804,3.028,0.595,168.0,0.2978,2.53,4.52,2.11,6.4,4,1,2025,2025-03-29,1.03,0.02,1.79,-1.77,0,2025-03-29|San Diego Padres|Atlanta Braves
3,33860,Reynaldo Lopez,5.4,2.2,1.8,3.6,0.5,0.692,5.0,0.04,3.0,9.0,2.0,1.0,4,0,2025,2025-03-29,0.03,0.03,2.26,-2.23,0,2025-03-29|San Diego Padres|Atlanta Braves
1,32968,Merrill Kelly,3.522,1.114,8.168,2.348,3.479,0.776,184.0,0.2233,1.96,4.27,1.3,4.54,4,1,2025,2025-03-29,6.5,0.52,1.36,-0.84,0,2025-03-29|Arizona Diamondbacks|Chicago Cubs
6,31258,Jameson Taillon,3.692,1.06,6.827,1.881,3.63,0.521,129.2,0.1888,2.05,4.26,1.04,3.79,4,0,2025,2025-03-29,5.0,2.01,1.9,0.11,0,2025-03-29|Arizona Diamondbacks|Chicago Cubs
2,35124,Luis Castillo,3.546,1.188,8.091,2.297,3.522,0.699,180.2,0.2174,1.97,4.66,1.28,4.5,4,1,2025,2025-03-29,2.0,0.5,1.37,-0.87,0,2025-03-29|Seattle Mariners|Athletics
0,35397,Jeffrey Springs,4.105,1.211,7.263,2.842,2.556,0.467,171.0,0.1935,2.28,4.47,1.58,4.04,4,0,2025,2025-03-29,2.51,1.5,1.98,-0.48,1,2025-03-29|Seattle Mariners|Athletics
2,4872587,Yoshinobu Yamamoto,2.494,0.993,10.445,3.066,3.407,1.159,173.2,0.2939,1.39,3.26,1.7,5.8,4,1,2025,2025-03-29,7.0,3.98,1.83,2.15,0,2025-03-29|Los Angeles Dodgers|Detroit Tigers
0,33837,Jack Flaherty,4.64,1.28,10.509,3.298,3.186,0.589,161.0,0.2761,2.58,4.57,1.83,5.84,4,0,2025,2025-03-29,3.01,2.0,2.43,-0.43,0,2025-03-29|Los Angeles Dodgers|Detroit Tigers
6,32685,Max Fried,2.86,1.102,8.719,2.353,3.706,1.111,195.1,0.236,1.59,4.2,1.31,4.84,4,1,2025,2025-03-29,12.0,5.03,2.35,2.68,1,2025-03-29|New York Yankees|Milwaukee Brewers
16,36480,Nestor Cortes,6.334,1.642,7.654,5.279,1.45,0.493,34.1,0.1847,3.52,5.28,2.93,4.25,4,0,2025,2025-03-29,3.02,3.0,3.67,-0.67,1,2025-03-29|New York Yankees|Milwaukee Brewers
0,4620398,Jonathan Cannon,5.843,1.492,7.5,3.314,2.263,0.603,103.2,0.1845,3.25,5.62,1.84,4.17,4,1,2025,2025-03-29,2.02,2.0,3.09,-1.09,0,2025-03-29|Chicago White Sox|Los Angeles Angels
0,40973,Jose Soriano,4.26,1.396,8.095,4.154,1.949,1.94,169.0,0.2099,2.37,4.67,2.31,4.5,4,0,2025,2025-03-29,2.98,1.98,2.21,-0.22,0,2025-03-29|Chicago White Sox|Los Angeles Angels
1,33793,Erick Fedde,5.489,1.518,5.298,4.277,1.239,0.728,141.0,0.1332,3.05,5.21,2.38,2.94,4,1,2025,2025-03-29,7.0,4.5,3.65,0.85,0,2025-03-29|St. Louis Cardinals|Minnesota Twins
1,42450,Joe Ryan,3.421,1.035,10.211,2.053,4.974,0.586,171.0,0.2816,1.9,4.04,1.14,5.67,4,0,2025,2025-03-29,1.5,1.5,1.6,-0.1,0,2025-03-29|St. Louis Cardinals|Minnesota Twins
8,28976,Max Scherzer,5.188,1.294,8.682,2.435,3.565,0.379,85.0,0.2291,2.88,5.12,1.35,4.82,4,1,2025,2025-03-29,4.0,3.5,3.18,0.32,0,2025-03-29|Toronto Blue Jays|Baltimore Orioles
5,38295,Dean Kremer,4.206,1.215,7.465,2.366,3.156,0.671,171.2,0.2006,2.34,4.76,1.31,4.15,4,0,2025,2025-03-29,5.01,4.5,2.94,1.56,0,2025-03-29|Toronto Blue Jays|Baltimore Orioles
2,41290,Jake Irvin,5.7,1.428,6.2,3.1,2.0,0.951,180.0,0.1576,3.17,5.42,1.72,3.44,4,1,2025,2025-03-29,5.5,2.5,3.17,-0.67,0,2025-03-29|Washington Nationals|Philadelphia Phillies
2,39667,Jesus Luzardo,3.93,1.223,10.611,2.8,3.789,0.746,183.2,0.285,2.18,4.56,1.56,5.9,4,0,2025,2025-03-29,6.0,1.0,1.73,-0.73,1,2025-03-29|Washington Nationals|Philadelphia Phillies
1,36052,Zack Littell,3.818,1.106,6.284,1.547,4.062,0.687,186.2,0.1713,2.12,4.67,0.86,3.49,4,1,2025,2025-03-29,3.5,1.0,1.67,-0.67,0,2025-03-29|Tampa Bay Rays|Colorado Rockies
0,33750,Antonio Senzatela,6.646,1.838,5.054,3.254,1.553,0.798,130.0,0.1181,3.69,7.38,1.81,2.81,4,0,2025,2025-03-29,3.0,1.0,3.24,-2.24,0,2025-03-29|Tampa Bay Rays|Colorado Rockies
1,5216700,Valente Bellozo,4.661,1.332,5.993,2.552,2.348,0.47,81.1,0.1552,2.59,5.24,1.42,3.33,4,1,2025,2025-03-29,4.0,1.0,2.14,-1.14,0,2025-03-29|Miami Marlins|Pittsburgh Pirates
1,4705677,Bailey Falter,4.46,1.287,5.827,3.309,1.761,0.566,125.1,0.1564,2.48,4.6,1.84,3.24,4,0,2025,2025-03-29,3.0,1.51,2.18,-0.67,1,2025-03-29|Miami Marlins|Pittsburgh Pirates
2,42433,Nick Lodolo,3.342,1.082,8.988,1.786,5.032,0.804,156.2,0.243,1.86,4.42,0.99,4.99,4,1,2025,2025-03-29,3.0,1.0,1.41,-0.41,1,2025-03-29|Cincinnati Reds|San Francisco Giants
2,6341,Justin Verlander,3.849,1.362,8.112,3.079,2.635,0.551,152.0,0.2069,2.14,5.1,1.71,4.51,4,0,2025,2025-03-29,4.0,1.5,1.84,-0.34,0,2025-03-29|Cincinnati Reds|San Francisco Giants
3,34873,Seth Lugo,4.156,1.296,7.753,3.411,2.273,0.647,145.1,0.2046,2.31,4.58,1.9,4.31,4,1,2025,2025-03-29,3.0,0.5,1.71,-1.2,0,2025-03-29|Kansas City Royals|Cleveland Guardians
1,4345076,Gavin Williams,3.068,1.274,9.312,4.468,2.084,0.854,167.2,0.2457,1.7,3.89,2.48,5.17,4,0,2025,2025-03-29,4.5,3.0,1.85,1.15,0,2025-03-29|Kansas City Royals|Cleveland Guardians
2,34973,Tyler Mahle,2.193,1.137,6.891,3.028,2.276,0.63,86.2,0.1908,1.22,4.0,1.68,3.83,4,1,2025,2025-03-29,3.5,2.5,1.22,1.28,0,2025-03-29|Texas Rangers|Boston Red Sox
4,39251,Walker Buehler,4.929,1.516,6.571,4.357,1.508,0.739,126.0,0.1628,2.74,5.16,2.42,3.65,4,0,2025,2025-03-29,2.5,1.0,2.29,-1.29,0,2025-03-29|Texas Rangers|Boston Red Sox
0,4726080,Spencer Arrighetti,5.385,1.425,7.949,5.128,1.55,0.619,35.1,0.1987,2.99,4.27,2.85,4.42,4,1,2025,2025-03-29,2.0,1.01,2.54,-1.53,0,2025-03-29|Houston Astros|New York Mets
1,41065,Griffin Canning,3.784,1.38,8.279,4.139,2.0,1.065,76.1,0.2134,2.1,4.6,2.3,4.6,4,0,2025,2025-03-29,1.01,0.01,1.36,-1.35,0,2025-03-29|Houston Astros|New York Mets
0,4722847,Randy Vasquez,3.851,1.329,5.27,3.514,1.5,0.672,133.2,0.1368,2.14,4.69,1.95,2.93,4,1,2025,2025-03-29,1.03,0.02,1.4,-1.38,0,2025-03-29|San Diego Padres|Atlanta Braves
0,4424862,Spencer Schwellenbach,3.103,0.971,8.82,1.47,6.0,0.901,110.2,0.2488,1.72,4.04,0.82,4.9,4,0,2025,2025-03-29,0.03,0.03,0.98,-0.95,0,2025-03-29|San Diego Padres|Atlanta Braves
3,4721302,Brandon Pfaadt,5.261,1.334,7.509,1.89,3.973,0.733,176.2,0.1917,2.92,5.62,1.05,4.17,4,1,2025,2025-03-30,6.5,0.52,2.33,-1.81,0,2025-03-30|Arizona Diamondbacks|Chicago Cubs
1,5134630,Shota Imanaga,3.745,0.992,7.302,1.623,4.5,0.429,144.2,0.2063,2.08,4.06,0.9,4.06,4,0,2025,2025-03-30,5.0,2.01,1.93,0.08,1,2025-03-30|Arizona Diamondbacks|Chicago Cubs
2,5134638,Roki Sasaki,4.488,1.44,6.981,5.485,1.273,0.636,36.1,0.1739,2.49,4.16,3.05,3.88,4,1,2025,2025-03-30,7.0,3.98,2.94,1.04,0,2025-03-30|Los Angeles Dodgers|Detroit Tigers
4,4734319,Reese Olson,3.167,1.217,8.578,3.299,2.6,0.759,68.2,0.2281,1.76,4.25,1.83,4.77,4,0,2025,2025-03-30,3.01,2.0,1.61,0.39,0,2025-03-30|Los Angeles Dodgers|Detroit Tigers
2,4654313,Bryce Miller,5.694,1.41,7.392,3.396,2.176,0.647,90.1,0.1888,3.16,5.16,1.89,4.11,4,1,2025,2025-03-30,2.0,0.5,2.56,-2.06,0,2025-03-30|Seattle Mariners|Athletics
1,5132624,Osvaldo Bido,5.909,1.616,7.727,3.977,1.943,0.443,79.2,0.1873,3.28,5.87,2.21,4.29,4,0,2025,2025-03-30,2.51,1.5,2.98,-1.48,0,2025-03-30|Seattle Mariners|Athletics
3,32815,Marcus Stroman,6.231,1.538,6.0,3.692,1.625,0.926,39.0,0.1486,3.46,5.64,2.05,3.33,4,1,2025,2025-03-30,12.0,5.03,4.22,0.81,0,2025-03-30|New York Yankees|Milwaukee Brewers
5,40934,Aaron Civale,4.853,1.265,7.765,2.912,2.667,0.535,102.0,0.2023,2.7,4.71,1.62,4.31,4,0,2025,2025-03-30,3.02,3.0,2.85,0.15,0,2025-03-30|New York Yankees|Milwaukee Brewers
0,4683356,Mitchell Parker,5.7,1.437,5.646,3.179,1.776,0.605,164.2,0.1421,3.17,5.42,1.77,3.14,4,1,2025,2025-03-30,5.5,2.5,3.17,-0.67,1,2025-03-30|Washington Nationals|Philadelphia Phillies
3,33709,Aaron Nola,6.026,1.35,9.277,2.678,3.464,0.752,94.1,0.2401,3.35,5.26,1.49,5.15,4,0,2025,2025-03-30,6.0,1.0,2.9,-1.9,0,2025-03-30|Washington Nationals|Philadelphia Phillies
1,33148,Chris Bassitt,3.968,1.329,8.783,2.751,3.192,0.857,170.1,0.2255,2.2,5.11,1.53,4.88,4,1,2025,2025-03-30,4.0,3.5,2.5,1.0,0,2025-03-30|Toronto Blue Jays|Baltimore Orioles
2,4142423,Tomoyuki Sugano,4.643,1.331,6.076,2.064,2.944,0.688,157.0,0.157,2.58,5.51,1.15,3.38,4,0,2025,2025-03-30,5.01,4.5,3.18,1.32,0,2025-03-30|Toronto Blue Jays|Baltimore Orioles
1,42480,Taj Bradley,5.063,1.315,8.038,3.544,2.268,0.764,142.2,0.2099,2.81,4.61,1.97,4.47,4,1,2025,2025-03-30,3.5,1.0,2.36,-1.36,0,2025-03-30|Tampa Bay Rays|Colorado Rockies
2,4019484,Ryan Feltner,4.784,1.495,7.475,3.588,2.083,0.922,30.1,0.1852,2.66,5.48,1.99,4.15,4,0,2025,2025-03-30,3.0,1.0,2.21,-1.21,0,2025-03-30|Tampa Bay Rays|Colorado Rockies
2,4345164,Max Meyer,4.766,1.433,9.533,2.804,3.4,0.99,64.2,0.2386,2.65,5.61,1.56,5.3,4,1,2025,2025-03-30,4.0,1.0,2.2,-1.2,0,2025-03-30|Miami Marlins|Pittsburgh Pirates
1,32672,Andrew Heaney,5.528,1.384,6.339,2.948,2.15,0.61,122.1,0.1604,3.07,5.28,1.64,3.52,4,0,2025,2025-03-30,3.0,1.51,2.77,-1.26,1,2025-03-30|Miami Marlins|Pittsburgh Pirates
1,33372,Nick Martinez,4.467,1.211,6.32,2.288,2.762,0.648,165.2,0.1698,2.48,4.78,1.27,3.51,4,1,2025,2025-03-30,3.0,1.0,2.03,-1.03,0,2025-03-30|Cincinnati Reds|San Francisco Giants
0,32175,Robbie Ray,3.657,1.214,9.193,3.608,2.548,0.577,182.1,0.2464,2.03,4.06,2.0,5.11,4,0,2025,2025-03-30,4.0,1.5,1.73,-0.23,1,2025-03-30|Cincinnati Reds|San Francisco Giants
2,42823,Davis Martin,4.114,1.294,6.582,3.038,2.167,0.849,142.2,0.173,2.29,4.78,1.69,3.66,4,1,2025,2025-03-30,2.02,2.0,2.13,-0.13,0,2025-03-30|Chicago White Sox|Los Angeles Angels
2,4917819,Jack Kochanowicz,6.811,1.748,5.838,4.703,1.241,1.107,111.0,0.1406,3.78,6.13,2.61,3.24,4,0,2025,2025-03-30,2.98,1.98,3.63,-1.64,0,2025-03-30|Chicago White Sox|Los Angeles Angels
3,32640,Michael Wacha,3.868,1.225,6.585,2.352,2.8,0.607,172.2,0.176,2.15,4.82,1.31,3.66,4,1,2025,2025-03-30,3.0,0.5,1.55,-1.04,0,2025-03-30|Kansas City Royals|Cleveland Guardians
0,4345278,Tanner Bibee,4.25,1.23,8.007,2.669,3.0,0.829,182.1,0.2126,2.36,4.67,1.48,4.45,4,0,2025,2025-03-30,4.5,3.0,2.51,0.49,0,2025-03-30|Kansas City Royals|Cleveland Guardians
2,4109034,Andre Pallante,5.327,1.449,6.159,3.44,1.79,1.486,162.2,0.1552,2.96,5.33,1.91,3.42,4,1,2025,2025-03-30,7.0,4.5,3.56,0.94,0,2025-03-30|St. Louis Cardinals|Minnesota Twins
8,3107919,Bailey Ober,5.113,1.3,7.392,1.91,3.871,0.44,146.1,0.1923,2.84,5.44,1.06,4.11,4,0,2025,2025-03-30,1.5,1.5,2.54,-1.04,0,2025-03-30|St. Louis Cardinals|Minnesota Twins
0,32796,Jacob deGrom,2.979,0.923,9.669,1.934,5.0,0.615,172.2,0.2765,1.66,3.54,1.07,5.37,4,1,2025,2025-03-30,3.5,2.5,1.65,0.85,0,2025-03-30|Texas Rangers|Boston Red Sox
1,4414243,Richard Fitts,5.0,1.311,8.0,3.2,2.5,0.763,45.0,0.2051,2.78,4.78,1.78,4.44,4,0,2025,2025-03-30,2.5,1.0,2.33,-1.33,0,2025-03-30|Texas Rangers|Boston Red Sox
1,32675,Eduardo Rodriguez,5.023,1.544,8.352,3.504,2.383,0.635,154.1,0.2061,2.79,5.78,1.95,4.64,4,1,2025,2025-03-30,6.5,0.52,2.2,-1.68,1,2025-03-30|Arizona Diamondbacks|Chicago Cubs
0,34401,Matthew Boyd,3.214,1.094,7.734,2.109,3.667,0.639,179.2,0.2145,1.79,4.3,1.17,4.3,4,0,2025,2025-03-30,5.0,2.01,1.64,0.37,1,2025-03-30|Arizona Diamondbacks|Chicago Cubs
1,4629089,Bryan Woo,2.948,0.929,9.57,1.74,5.5,0.706,186.2,0.2709,1.64,3.68,0.97,5.32,4,1,2025,2025-03-30,2.0,0.5,1.04,-0.54,0,2025-03-30|Seattle Mariners|Athletics
0,39818,JP Sears,5.059,1.324,7.788,2.396,3.25,0.432,135.2,0.2007,2.81,5.29,1.33,4.33,4,0,2025,2025-03-30,2.51,1.5,2.51,-1.01,1,2025-03-30|Seattle Mariners|Athletics
